wt,mt
Gn_1c5_complex,PIICAGPIHSNKSADIPHLLGYSEKICQIDRLIHVSSWLRNHSQFQGYVGQRGGRSQVSYYPAENSYSRWSGLLSPCDADWLGMLVVKKAKGSDMIVPGPSYKGKVFFERPTFDGYVGWGCGSGKSRTESGELCSSDSGTSSGLLPSDRVLWIGDVACQPMTPIPEETFLELKSFSQSEFPDICKIDGIVFNQCEGESLPQPFDVAWMDVGHSHKIIMREHKTKWVQESSSKDFVCYKEGTGPCSESEEKTCKTSGSCRGDMQFCKVAGCEHGEEASEAKCRCSLVHKPGEVVVSYGGMRVRPKCYGFSRMMATLEV;QVQLVQSGGALVKPGGSLRLSCAGSGLTLSNAWMTWVRQGPGKGLEWVGRMKSKFAGGATDYAAAVKGRFTISRGDSENTVYLQMNSLKTEDTAVYYCTTDRWEVDYAYTWGTYHRNMGDYWGQGTLVTVSS
Gn_1c5_complex,PIICAGPIHSNKSADIPHLLGYSEKICQIDRLIHVSSWLRNHSQFQGYVGQRGGRSQVSYYPAENSYSRWSGLLSPCDADWLGMLVVKKAKGSDMIVPGPSYKGKVFFERPTFDGYVGWGCGSGKSRTESGELCSSDSGTSSGLLPSDRVLWIGDVACQPMTPIPEETFLELKSFSQSEFPDICKIDGIVFNQCEGESLPQPFDVAWMDVGHSHKIIMREHKTKWVQESSSKDFVCYKEGTGPCSESEEKTCKTSGSCRGDMQFCKVAGCEHGEEASEAKCRCSLVHKPGEVVVSYGGMRVRPKCYGFSRMMATLEV;QVQLVQSGGALVKPGGSLRLSCAGSGLTLSNAWMTWVRQGPGKGLEWVGRMKSKFAGGATDYAAAVKGRFTISRGDSENTVYLQMNSLKTEDTAVYYCTTDRWEVDYCYTWGTYHRNMGDYWGQGTLVTVSS
Gn_1c5_complex,PIICAGPIHSNKSADIPHLLGYSEKICQIDRLIHVSSWLRNHSQFQGYVGQRGGRSQVSYYPAENSYSRWSGLLSPCDADWLGMLVVKKAKGSDMIVPGPSYKGKVFFERPTFDGYVGWGCGSGKSRTESGELCSSDSGTSSGLLPSDRVLWIGDVACQPMTPIPEETFLELKSFSQSEFPDICKIDGIVFNQCEGESLPQPFDVAWMDVGHSHKIIMREHKTKWVQESSSKDFVCYKEGTGPCSESEEKTCKTSGSCRGDMQFCKVAGCEHGEEASEAKCRCSLVHKPGEVVVSYGGMRVRPKCYGFSRMMATLEV;QVQLVQSGGALVKPGGSLRLSCAGSGLTLSNAWMTWVRQGPGKGLEWVGRMKSKFAGGATDYAAAVKGRFTISRGDSENTVYLQMNSLKTEDTAVYYCTTDRWEVDYEYTWGTYHRNMGDYWGQGTLVTVSS
Gn_1c5_complex,PIICAGPIHSNKSADIPHLLGYSEKICQIDRLIHVSSWLRNHSQFQGYVGQRGGRSQVSYYPAENSYSRWSGLLSPCDADWLGMLVVKKAKGSDMIVPGPSYKGKVFFERPTFDGYVGWGCGSGKSRTESGELCSSDSGTSSGLLPSDRVLWIGDVACQPMTPIPEETFLELKSFSQSEFPDICKIDGIVFNQCEGESLPQPFDVAWMDVGHSHKIIMREHKTKWVQESSSKDFVCYKEGTGPCSESEEKTCKTSGSCRGDMQFCKVAGCEHGEEASEAKCRCSLVHKPGEVVVSYGGMRVRPKCYGFSRMMATLEV;QVQLVQSGGALVKPGGSLRLSCAGSGLTLSNAWMTWVRQGPGKGLEWVGRMKSKFAGGATDYAAAVKGRFTISRGDSENTVYLQMNSLKTEDTAVYYCTTDRWEVDYFYTWGTYHRNMGDYWGQGTLVTVSS
Gn_1c5_complex,PIICAGPIHSNKSADIPHLLGYSEKICQIDRLIHVSSWLRNHSQFQGYVGQRGGRSQVSYYPAENSYSRWSGLLSPCDADWLGMLVVKKAKGSDMIVPGPSYKGKVFFERPTFDGYVGWGCGSGKSRTESGELCSSDSGTSSGLLPSDRVLWIGDVACQPMTPIPEETFLELKSFSQSEFPDICKIDGIVFNQCEGESLPQPFDVAWMDVGHSHKIIMREHKTKWVQESSSKDFVCYKEGTGPCSESEEKTCKTSGSCRGDMQFCKVAGCEHGEEASEAKCRCSLVHKPGEVVVSYGGMRVRPKCYGFSRMMATLEV;QVQLVQSGGALVKPGGSLRLSCAGSGLTLSNAWMTWVRQGPGKGLEWVGRMKSKFAGGATDYAAAVKGRFTISRGDSENTVYLQMNSLKTEDTAVYYCTTDRWEVDYGYTWGTYHRNMGDYWGQGTLVTVSS
Gn_1c5_complex,PIICAGPIHSNKSADIPHLLGYSEKICQIDRLIHVSSWLRNHSQFQGYVGQRGGRSQVSYYPAENSYSRWSGLLSPCDADWLGMLVVKKAKGSDMIVPGPSYKGKVFFERPTFDGYVGWGCGSGKSRTESGELCSSDSGTSSGLLPSDRVLWIGDVACQPMTPIPEETFLELKSFSQSEFPDICKIDGIVFNQCEGESLPQPFDVAWMDVGHSHKIIMREHKTKWVQESSSKDFVCYKEGTGPCSESEEKTCKTSGSCRGDMQFCKVAGCEHGEEASEAKCRCSLVHKPGEVVVSYGGMRVRPKCYGFSRMMATLEV;QVQLVQSGGALVKPGGSLRLSCAGSGLTLSNAWMTWVRQGPGKGLEWVGRMKSKFAGGATDYAAAVKGRFTISRGDSENTVYLQMNSLKTEDTAVYYCTTDRWEVDYHYTWGTYHRNMGDYWGQGTLVTVSS
Gn_1c5_complex,PIICAGPIHSNKSADIPHLLGYSEKICQIDRLIHVSSWLRNHSQFQGYVGQRGGRSQVSYYPAENSYSRWSGLLSPCDADWLGMLVVKKAKGSDMIVPGPSYKGKVFFERPTFDGYVGWGCGSGKSRTESGELCSSDSGTSSGLLPSDRVLWIGDVACQPMTPIPEETFLELKSFSQSEFPDICKIDGIVFNQCEGESLPQPFDVAWMDVGHSHKIIMREHKTKWVQESSSKDFVCYKEGTGPCSESEEKTCKTSGSCRGDMQFCKVAGCEHGEEASEAKCRCSLVHKPGEVVVSYGGMRVRPKCYGFSRMMATLEV;QVQLVQSGGALVKPGGSLRLSCAGSGLTLSNAWMTWVRQGPGKGLEWVGRMKSKFAGGATDYAAAVKGRFTISRGDSENTVYLQMNSLKTEDTAVYYCTTDRWEVDYIYTWGTYHRNMGDYWGQGTLVTVSS
Gn_1c5_complex,PIICAGPIHSNKSADIPHLLGYSEKICQIDRLIHVSSWLRNHSQFQGYVGQRGGRSQVSYYPAENSYSRWSGLLSPCDADWLGMLVVKKAKGSDMIVPGPSYKGKVFFERPTFDGYVGWGCGSGKSRTESGELCSSDSGTSSGLLPSDRVLWIGDVACQPMTPIPEETFLELKSFSQSEFPDICKIDGIVFNQCEGESLPQPFDVAWMDVGHSHKIIMREHKTKWVQESSSKDFVCYKEGTGPCSESEEKTCKTSGSCRGDMQFCKVAGCEHGEEASEAKCRCSLVHKPGEVVVSYGGMRVRPKCYGFSRMMATLEV;QVQLVQSGGALVKPGGSLRLSCAGSGLTLSNAWMTWVRQGPGKGLEWVGRMKSKFAGGATDYAAAVKGRFTISRGDSENTVYLQMNSLKTEDTAVYYCTTDRWEVDYKYTWGTYHRNMGDYWGQGTLVTVSS
Gn_1c5_complex,PIICAGPIHSNKSADIPHLLGYSEKICQIDRLIHVSSWLRNHSQFQGYVGQRGGRSQVSYYPAENSYSRWSGLLSPCDADWLGMLVVKKAKGSDMIVPGPSYKGKVFFERPTFDGYVGWGCGSGKSRTESGELCSSDSGTSSGLLPSDRVLWIGDVACQPMTPIPEETFLELKSFSQSEFPDICKIDGIVFNQCEGESLPQPFDVAWMDVGHSHKIIMREHKTKWVQESSSKDFVCYKEGTGPCSESEEKTCKTSGSCRGDMQFCKVAGCEHGEEASEAKCRCSLVHKPGEVVVSYGGMRVRPKCYGFSRMMATLEV;QVQLVQSGGALVKPGGSLRLSCAGSGLTLSNAWMTWVRQGPGKGLEWVGRMKSKFAGGATDYAAAVKGRFTISRGDSENTVYLQMNSLKTEDTAVYYCTTDRWEVDYLYTWGTYHRNMGDYWGQGTLVTVSS
Gn_1c5_complex,PIICAGPIHSNKSADIPHLLGYSEKICQIDRLIHVSSWLRNHSQFQGYVGQRGGRSQVSYYPAENSYSRWSGLLSPCDADWLGMLVVKKAKGSDMIVPGPSYKGKVFFERPTFDGYVGWGCGSGKSRTESGELCSSDSGTSSGLLPSDRVLWIGDVACQPMTPIPEETFLELKSFSQSEFPDICKIDGIVFNQCEGESLPQPFDVAWMDVGHSHKIIMREHKTKWVQESSSKDFVCYKEGTGPCSESEEKTCKTSGSCRGDMQFCKVAGCEHGEEASEAKCRCSLVHKPGEVVVSYGGMRVRPKCYGFSRMMATLEV;QVQLVQSGGALVKPGGSLRLSCAGSGLTLSNAWMTWVRQGPGKGLEWVGRMKSKFAGGATDYAAAVKGRFTISRGDSENTVYLQMNSLKTEDTAVYYCTTDRWEVDYMYTWGTYHRNMGDYWGQGTLVTVSS
Gn_1c5_complex,PIICAGPIHSNKSADIPHLLGYSEKICQIDRLIHVSSWLRNHSQFQGYVGQRGGRSQVSYYPAENSYSRWSGLLSPCDADWLGMLVVKKAKGSDMIVPGPSYKGKVFFERPTFDGYVGWGCGSGKSRTESGELCSSDSGTSSGLLPSDRVLWIGDVACQPMTPIPEETFLELKSFSQSEFPDICKIDGIVFNQCEGESLPQPFDVAWMDVGHSHKIIMREHKTKWVQESSSKDFVCYKEGTGPCSESEEKTCKTSGSCRGDMQFCKVAGCEHGEEASEAKCRCSLVHKPGEVVVSYGGMRVRPKCYGFSRMMATLEV;QVQLVQSGGALVKPGGSLRLSCAGSGLTLSNAWMTWVRQGPGKGLEWVGRMKSKFAGGATDYAAAVKGRFTISRGDSENTVYLQMNSLKTEDTAVYYCTTDRWEVDYNYTWGTYHRNMGDYWGQGTLVTVSS
Gn_1c5_complex,PIICAGPIHSNKSADIPHLLGYSEKICQIDRLIHVSSWLRNHSQFQGYVGQRGGRSQVSYYPAENSYSRWSGLLSPCDADWLGMLVVKKAKGSDMIVPGPSYKGKVFFERPTFDGYVGWGCGSGKSRTESGELCSSDSGTSSGLLPSDRVLWIGDVACQPMTPIPEETFLELKSFSQSEFPDICKIDGIVFNQCEGESLPQPFDVAWMDVGHSHKIIMREHKTKWVQESSSKDFVCYKEGTGPCSESEEKTCKTSGSCRGDMQFCKVAGCEHGEEASEAKCRCSLVHKPGEVVVSYGGMRVRPKCYGFSRMMATLEV;QVQLVQSGGALVKPGGSLRLSCAGSGLTLSNAWMTWVRQGPGKGLEWVGRMKSKFAGGATDYAAAVKGRFTISRGDSENTVYLQMNSLKTEDTAVYYCTTDRWEVDYPYTWGTYHRNMGDYWGQGTLVTVSS
Gn_1c5_complex,PIICAGPIHSNKSADIPHLLGYSEKICQIDRLIHVSSWLRNHSQFQGYVGQRGGRSQVSYYPAENSYSRWSGLLSPCDADWLGMLVVKKAKGSDMIVPGPSYKGKVFFERPTFDGYVGWGCGSGKSRTESGELCSSDSGTSSGLLPSDRVLWIGDVACQPMTPIPEETFLELKSFSQSEFPDICKIDGIVFNQCEGESLPQPFDVAWMDVGHSHKIIMREHKTKWVQESSSKDFVCYKEGTGPCSESEEKTCKTSGSCRGDMQFCKVAGCEHGEEASEAKCRCSLVHKPGEVVVSYGGMRVRPKCYGFSRMMATLEV;QVQLVQSGGALVKPGGSLRLSCAGSGLTLSNAWMTWVRQGPGKGLEWVGRMKSKFAGGATDYAAAVKGRFTISRGDSENTVYLQMNSLKTEDTAVYYCTTDRWEVDYQYTWGTYHRNMGDYWGQGTLVTVSS
Gn_1c5_complex,PIICAGPIHSNKSADIPHLLGYSEKICQIDRLIHVSSWLRNHSQFQGYVGQRGGRSQVSYYPAENSYSRWSGLLSPCDADWLGMLVVKKAKGSDMIVPGPSYKGKVFFERPTFDGYVGWGCGSGKSRTESGELCSSDSGTSSGLLPSDRVLWIGDVACQPMTPIPEETFLELKSFSQSEFPDICKIDGIVFNQCEGESLPQPFDVAWMDVGHSHKIIMREHKTKWVQESSSKDFVCYKEGTGPCSESEEKTCKTSGSCRGDMQFCKVAGCEHGEEASEAKCRCSLVHKPGEVVVSYGGMRVRPKCYGFSRMMATLEV;QVQLVQSGGALVKPGGSLRLSCAGSGLTLSNAWMTWVRQGPGKGLEWVGRMKSKFAGGATDYAAAVKGRFTISRGDSENTVYLQMNSLKTEDTAVYYCTTDRWEVDYRYTWGTYHRNMGDYWGQGTLVTVSS
Gn_1c5_complex,PIICAGPIHSNKSADIPHLLGYSEKICQIDRLIHVSSWLRNHSQFQGYVGQRGGRSQVSYYPAENSYSRWSGLLSPCDADWLGMLVVKKAKGSDMIVPGPSYKGKVFFERPTFDGYVGWGCGSGKSRTESGELCSSDSGTSSGLLPSDRVLWIGDVACQPMTPIPEETFLELKSFSQSEFPDICKIDGIVFNQCEGESLPQPFDVAWMDVGHSHKIIMREHKTKWVQESSSKDFVCYKEGTGPCSESEEKTCKTSGSCRGDMQFCKVAGCEHGEEASEAKCRCSLVHKPGEVVVSYGGMRVRPKCYGFSRMMATLEV;QVQLVQSGGALVKPGGSLRLSCAGSGLTLSNAWMTWVRQGPGKGLEWVGRMKSKFAGGATDYAAAVKGRFTISRGDSENTVYLQMNSLKTEDTAVYYCTTDRWEVDYSYTWGTYHRNMGDYWGQGTLVTVSS
Gn_1c5_complex,PIICAGPIHSNKSADIPHLLGYSEKICQIDRLIHVSSWLRNHSQFQGYVGQRGGRSQVSYYPAENSYSRWSGLLSPCDADWLGMLVVKKAKGSDMIVPGPSYKGKVFFERPTFDGYVGWGCGSGKSRTESGELCSSDSGTSSGLLPSDRVLWIGDVACQPMTPIPEETFLELKSFSQSEFPDICKIDGIVFNQCEGESLPQPFDVAWMDVGHSHKIIMREHKTKWVQESSSKDFVCYKEGTGPCSESEEKTCKTSGSCRGDMQFCKVAGCEHGEEASEAKCRCSLVHKPGEVVVSYGGMRVRPKCYGFSRMMATLEV;QVQLVQSGGALVKPGGSLRLSCAGSGLTLSNAWMTWVRQGPGKGLEWVGRMKSKFAGGATDYAAAVKGRFTISRGDSENTVYLQMNSLKTEDTAVYYCTTDRWEVDYTYTWGTYHRNMGDYWGQGTLVTVSS
Gn_1c5_complex,PIICAGPIHSNKSADIPHLLGYSEKICQIDRLIHVSSWLRNHSQFQGYVGQRGGRSQVSYYPAENSYSRWSGLLSPCDADWLGMLVVKKAKGSDMIVPGPSYKGKVFFERPTFDGYVGWGCGSGKSRTESGELCSSDSGTSSGLLPSDRVLWIGDVACQPMTPIPEETFLELKSFSQSEFPDICKIDGIVFNQCEGESLPQPFDVAWMDVGHSHKIIMREHKTKWVQESSSKDFVCYKEGTGPCSESEEKTCKTSGSCRGDMQFCKVAGCEHGEEASEAKCRCSLVHKPGEVVVSYGGMRVRPKCYGFSRMMATLEV;QVQLVQSGGALVKPGGSLRLSCAGSGLTLSNAWMTWVRQGPGKGLEWVGRMKSKFAGGATDYAAAVKGRFTISRGDSENTVYLQMNSLKTEDTAVYYCTTDRWEVDYVYTWGTYHRNMGDYWGQGTLVTVSS
Gn_1c5_complex,PIICAGPIHSNKSADIPHLLGYSEKICQIDRLIHVSSWLRNHSQFQGYVGQRGGRSQVSYYPAENSYSRWSGLLSPCDADWLGMLVVKKAKGSDMIVPGPSYKGKVFFERPTFDGYVGWGCGSGKSRTESGELCSSDSGTSSGLLPSDRVLWIGDVACQPMTPIPEETFLELKSFSQSEFPDICKIDGIVFNQCEGESLPQPFDVAWMDVGHSHKIIMREHKTKWVQESSSKDFVCYKEGTGPCSESEEKTCKTSGSCRGDMQFCKVAGCEHGEEASEAKCRCSLVHKPGEVVVSYGGMRVRPKCYGFSRMMATLEV;QVQLVQSGGALVKPGGSLRLSCAGSGLTLSNAWMTWVRQGPGKGLEWVGRMKSKFAGGATDYAAAVKGRFTISRGDSENTVYLQMNSLKTEDTAVYYCTTDRWEVDYWYTWGTYHRNMGDYWGQGTLVTVSS
Gn_1c5_complex,PIICAGPIHSNKSADIPHLLGYSEKICQIDRLIHVSSWLRNHSQFQGYVGQRGGRSQVSYYPAENSYSRWSGLLSPCDADWLGMLVVKKAKGSDMIVPGPSYKGKVFFERPTFDGYVGWGCGSGKSRTESGELCSSDSGTSSGLLPSDRVLWIGDVACQPMTPIPEETFLELKSFSQSEFPDICKIDGIVFNQCEGESLPQPFDVAWMDVGHSHKIIMREHKTKWVQESSSKDFVCYKEGTGPCSESEEKTCKTSGSCRGDMQFCKVAGCEHGEEASEAKCRCSLVHKPGEVVVSYGGMRVRPKCYGFSRMMATLEV;QVQLVQSGGALVKPGGSLRLSCAGSGLTLSNAWMTWVRQGPGKGLEWVGRMKSKFAGGATDYAAAVKGRFTISRGDSENTVYLQMNSLKTEDTAVYYCTTDRWEVDYYYTWGTYHRNMGDYWGQGTLVTVSS
Gn_1c5_complex,PIICAGPIHSNKSADIPHLLGYSEKICQIDRLIHVSSWLRNHSQFQGYVGQRGGRSQVSYYPAENSYSRWSGLLSPCDADWLGMLVVKKAKGSDMIVPGPSYKGKVFFERPTFDGYVGWGCGSGKSRTESGELCSSDSGTSSGLLPSDRVLWIGDVACQPMTPIPEETFLELKSFSQSEFPDICKIDGIVFNQCEGESLPQPFDVAWMDVGHSHKIIMREHKTKWVQESSSKDFVCYKEGTGPCSESEEKTCKTSGSCRGDMQFCKVAGCEHGEEASEAKCRCSLVHKPGEVVVSYGGMRVRPKCYGFSRMMATLEV;QVQLVQSGGALVKPGGSLRLSCAGSGLTLSNAWMTWVRQGPGKGLEWVGRMKSKFAGGATDYAAAVKGRFTISRGDSENTVYLQMNSLKTEDTAVYYCTTDRWEVDYDATWGTYHRNMGDYWGQGTLVTVSS
Gn_1c5_complex,PIICAGPIHSNKSADIPHLLGYSEKICQIDRLIHVSSWLRNHSQFQGYVGQRGGRSQVSYYPAENSYSRWSGLLSPCDADWLGMLVVKKAKGSDMIVPGPSYKGKVFFERPTFDGYVGWGCGSGKSRTESGELCSSDSGTSSGLLPSDRVLWIGDVACQPMTPIPEETFLELKSFSQSEFPDICKIDGIVFNQCEGESLPQPFDVAWMDVGHSHKIIMREHKTKWVQESSSKDFVCYKEGTGPCSESEEKTCKTSGSCRGDMQFCKVAGCEHGEEASEAKCRCSLVHKPGEVVVSYGGMRVRPKCYGFSRMMATLEV;QVQLVQSGGALVKPGGSLRLSCAGSGLTLSNAWMTWVRQGPGKGLEWVGRMKSKFAGGATDYAAAVKGRFTISRGDSENTVYLQMNSLKTEDTAVYYCTTDRWEVDYDCTWGTYHRNMGDYWGQGTLVTVSS
Gn_1c5_complex,PIICAGPIHSNKSADIPHLLGYSEKICQIDRLIHVSSWLRNHSQFQGYVGQRGGRSQVSYYPAENSYSRWSGLLSPCDADWLGMLVVKKAKGSDMIVPGPSYKGKVFFERPTFDGYVGWGCGSGKSRTESGELCSSDSGTSSGLLPSDRVLWIGDVACQPMTPIPEETFLELKSFSQSEFPDICKIDGIVFNQCEGESLPQPFDVAWMDVGHSHKIIMREHKTKWVQESSSKDFVCYKEGTGPCSESEEKTCKTSGSCRGDMQFCKVAGCEHGEEASEAKCRCSLVHKPGEVVVSYGGMRVRPKCYGFSRMMATLEV;QVQLVQSGGALVKPGGSLRLSCAGSGLTLSNAWMTWVRQGPGKGLEWVGRMKSKFAGGATDYAAAVKGRFTISRGDSENTVYLQMNSLKTEDTAVYYCTTDRWEVDYDDTWGTYHRNMGDYWGQGTLVTVSS
Gn_1c5_complex,PIICAGPIHSNKSADIPHLLGYSEKICQIDRLIHVSSWLRNHSQFQGYVGQRGGRSQVSYYPAENSYSRWSGLLSPCDADWLGMLVVKKAKGSDMIVPGPSYKGKVFFERPTFDGYVGWGCGSGKSRTESGELCSSDSGTSSGLLPSDRVLWIGDVACQPMTPIPEETFLELKSFSQSEFPDICKIDGIVFNQCEGESLPQPFDVAWMDVGHSHKIIMREHKTKWVQESSSKDFVCYKEGTGPCSESEEKTCKTSGSCRGDMQFCKVAGCEHGEEASEAKCRCSLVHKPGEVVVSYGGMRVRPKCYGFSRMMATLEV;QVQLVQSGGALVKPGGSLRLSCAGSGLTLSNAWMTWVRQGPGKGLEWVGRMKSKFAGGATDYAAAVKGRFTISRGDSENTVYLQMNSLKTEDTAVYYCTTDRWEVDYDETWGTYHRNMGDYWGQGTLVTVSS
Gn_1c5_complex,PIICAGPIHSNKSADIPHLLGYSEKICQIDRLIHVSSWLRNHSQFQGYVGQRGGRSQVSYYPAENSYSRWSGLLSPCDADWLGMLVVKKAKGSDMIVPGPSYKGKVFFERPTFDGYVGWGCGSGKSRTESGELCSSDSGTSSGLLPSDRVLWIGDVACQPMTPIPEETFLELKSFSQSEFPDICKIDGIVFNQCEGESLPQPFDVAWMDVGHSHKIIMREHKTKWVQESSSKDFVCYKEGTGPCSESEEKTCKTSGSCRGDMQFCKVAGCEHGEEASEAKCRCSLVHKPGEVVVSYGGMRVRPKCYGFSRMMATLEV;QVQLVQSGGALVKPGGSLRLSCAGSGLTLSNAWMTWVRQGPGKGLEWVGRMKSKFAGGATDYAAAVKGRFTISRGDSENTVYLQMNSLKTEDTAVYYCTTDRWEVDYDFTWGTYHRNMGDYWGQGTLVTVSS
Gn_1c5_complex,PIICAGPIHSNKSADIPHLLGYSEKICQIDRLIHVSSWLRNHSQFQGYVGQRGGRSQVSYYPAENSYSRWSGLLSPCDADWLGMLVVKKAKGSDMIVPGPSYKGKVFFERPTFDGYVGWGCGSGKSRTESGELCSSDSGTSSGLLPSDRVLWIGDVACQPMTPIPEETFLELKSFSQSEFPDICKIDGIVFNQCEGESLPQPFDVAWMDVGHSHKIIMREHKTKWVQESSSKDFVCYKEGTGPCSESEEKTCKTSGSCRGDMQFCKVAGCEHGEEASEAKCRCSLVHKPGEVVVSYGGMRVRPKCYGFSRMMATLEV;QVQLVQSGGALVKPGGSLRLSCAGSGLTLSNAWMTWVRQGPGKGLEWVGRMKSKFAGGATDYAAAVKGRFTISRGDSENTVYLQMNSLKTEDTAVYYCTTDRWEVDYDGTWGTYHRNMGDYWGQGTLVTVSS
Gn_1c5_complex,PIICAGPIHSNKSADIPHLLGYSEKICQIDRLIHVSSWLRNHSQFQGYVGQRGGRSQVSYYPAENSYSRWSGLLSPCDADWLGMLVVKKAKGSDMIVPGPSYKGKVFFERPTFDGYVGWGCGSGKSRTESGELCSSDSGTSSGLLPSDRVLWIGDVACQPMTPIPEETFLELKSFSQSEFPDICKIDGIVFNQCEGESLPQPFDVAWMDVGHSHKIIMREHKTKWVQESSSKDFVCYKEGTGPCSESEEKTCKTSGSCRGDMQFCKVAGCEHGEEASEAKCRCSLVHKPGEVVVSYGGMRVRPKCYGFSRMMATLEV;QVQLVQSGGALVKPGGSLRLSCAGSGLTLSNAWMTWVRQGPGKGLEWVGRMKSKFAGGATDYAAAVKGRFTISRGDSENTVYLQMNSLKTEDTAVYYCTTDRWEVDYDHTWGTYHRNMGDYWGQGTLVTVSS
Gn_1c5_complex,PIICAGPIHSNKSADIPHLLGYSEKICQIDRLIHVSSWLRNHSQFQGYVGQRGGRSQVSYYPAENSYSRWSGLLSPCDADWLGMLVVKKAKGSDMIVPGPSYKGKVFFERPTFDGYVGWGCGSGKSRTESGELCSSDSGTSSGLLPSDRVLWIGDVACQPMTPIPEETFLELKSFSQSEFPDICKIDGIVFNQCEGESLPQPFDVAWMDVGHSHKIIMREHKTKWVQESSSKDFVCYKEGTGPCSESEEKTCKTSGSCRGDMQFCKVAGCEHGEEASEAKCRCSLVHKPGEVVVSYGGMRVRPKCYGFSRMMATLEV;QVQLVQSGGALVKPGGSLRLSCAGSGLTLSNAWMTWVRQGPGKGLEWVGRMKSKFAGGATDYAAAVKGRFTISRGDSENTVYLQMNSLKTEDTAVYYCTTDRWEVDYDITWGTYHRNMGDYWGQGTLVTVSS
Gn_1c5_complex,PIICAGPIHSNKSADIPHLLGYSEKICQIDRLIHVSSWLRNHSQFQGYVGQRGGRSQVSYYPAENSYSRWSGLLSPCDADWLGMLVVKKAKGSDMIVPGPSYKGKVFFERPTFDGYVGWGCGSGKSRTESGELCSSDSGTSSGLLPSDRVLWIGDVACQPMTPIPEETFLELKSFSQSEFPDICKIDGIVFNQCEGESLPQPFDVAWMDVGHSHKIIMREHKTKWVQESSSKDFVCYKEGTGPCSESEEKTCKTSGSCRGDMQFCKVAGCEHGEEASEAKCRCSLVHKPGEVVVSYGGMRVRPKCYGFSRMMATLEV;QVQLVQSGGALVKPGGSLRLSCAGSGLTLSNAWMTWVRQGPGKGLEWVGRMKSKFAGGATDYAAAVKGRFTISRGDSENTVYLQMNSLKTEDTAVYYCTTDRWEVDYDKTWGTYHRNMGDYWGQGTLVTVSS
Gn_1c5_complex,PIICAGPIHSNKSADIPHLLGYSEKICQIDRLIHVSSWLRNHSQFQGYVGQRGGRSQVSYYPAENSYSRWSGLLSPCDADWLGMLVVKKAKGSDMIVPGPSYKGKVFFERPTFDGYVGWGCGSGKSRTESGELCSSDSGTSSGLLPSDRVLWIGDVACQPMTPIPEETFLELKSFSQSEFPDICKIDGIVFNQCEGESLPQPFDVAWMDVGHSHKIIMREHKTKWVQESSSKDFVCYKEGTGPCSESEEKTCKTSGSCRGDMQFCKVAGCEHGEEASEAKCRCSLVHKPGEVVVSYGGMRVRPKCYGFSRMMATLEV;QVQLVQSGGALVKPGGSLRLSCAGSGLTLSNAWMTWVRQGPGKGLEWVGRMKSKFAGGATDYAAAVKGRFTISRGDSENTVYLQMNSLKTEDTAVYYCTTDRWEVDYDLTWGTYHRNMGDYWGQGTLVTVSS
Gn_1c5_complex,PIICAGPIHSNKSADIPHLLGYSEKICQIDRLIHVSSWLRNHSQFQGYVGQRGGRSQVSYYPAENSYSRWSGLLSPCDADWLGMLVVKKAKGSDMIVPGPSYKGKVFFERPTFDGYVGWGCGSGKSRTESGELCSSDSGTSSGLLPSDRVLWIGDVACQPMTPIPEETFLELKSFSQSEFPDICKIDGIVFNQCEGESLPQPFDVAWMDVGHSHKIIMREHKTKWVQESSSKDFVCYKEGTGPCSESEEKTCKTSGSCRGDMQFCKVAGCEHGEEASEAKCRCSLVHKPGEVVVSYGGMRVRPKCYGFSRMMATLEV;QVQLVQSGGALVKPGGSLRLSCAGSGLTLSNAWMTWVRQGPGKGLEWVGRMKSKFAGGATDYAAAVKGRFTISRGDSENTVYLQMNSLKTEDTAVYYCTTDRWEVDYDMTWGTYHRNMGDYWGQGTLVTVSS
Gn_1c5_complex,PIICAGPIHSNKSADIPHLLGYSEKICQIDRLIHVSSWLRNHSQFQGYVGQRGGRSQVSYYPAENSYSRWSGLLSPCDADWLGMLVVKKAKGSDMIVPGPSYKGKVFFERPTFDGYVGWGCGSGKSRTESGELCSSDSGTSSGLLPSDRVLWIGDVACQPMTPIPEETFLELKSFSQSEFPDICKIDGIVFNQCEGESLPQPFDVAWMDVGHSHKIIMREHKTKWVQESSSKDFVCYKEGTGPCSESEEKTCKTSGSCRGDMQFCKVAGCEHGEEASEAKCRCSLVHKPGEVVVSYGGMRVRPKCYGFSRMMATLEV;QVQLVQSGGALVKPGGSLRLSCAGSGLTLSNAWMTWVRQGPGKGLEWVGRMKSKFAGGATDYAAAVKGRFTISRGDSENTVYLQMNSLKTEDTAVYYCTTDRWEVDYDNTWGTYHRNMGDYWGQGTLVTVSS
Gn_1c5_complex,PIICAGPIHSNKSADIPHLLGYSEKICQIDRLIHVSSWLRNHSQFQGYVGQRGGRSQVSYYPAENSYSRWSGLLSPCDADWLGMLVVKKAKGSDMIVPGPSYKGKVFFERPTFDGYVGWGCGSGKSRTESGELCSSDSGTSSGLLPSDRVLWIGDVACQPMTPIPEETFLELKSFSQSEFPDICKIDGIVFNQCEGESLPQPFDVAWMDVGHSHKIIMREHKTKWVQESSSKDFVCYKEGTGPCSESEEKTCKTSGSCRGDMQFCKVAGCEHGEEASEAKCRCSLVHKPGEVVVSYGGMRVRPKCYGFSRMMATLEV;QVQLVQSGGALVKPGGSLRLSCAGSGLTLSNAWMTWVRQGPGKGLEWVGRMKSKFAGGATDYAAAVKGRFTISRGDSENTVYLQMNSLKTEDTAVYYCTTDRWEVDYDPTWGTYHRNMGDYWGQGTLVTVSS
Gn_1c5_complex,PIICAGPIHSNKSADIPHLLGYSEKICQIDRLIHVSSWLRNHSQFQGYVGQRGGRSQVSYYPAENSYSRWSGLLSPCDADWLGMLVVKKAKGSDMIVPGPSYKGKVFFERPTFDGYVGWGCGSGKSRTESGELCSSDSGTSSGLLPSDRVLWIGDVACQPMTPIPEETFLELKSFSQSEFPDICKIDGIVFNQCEGESLPQPFDVAWMDVGHSHKIIMREHKTKWVQESSSKDFVCYKEGTGPCSESEEKTCKTSGSCRGDMQFCKVAGCEHGEEASEAKCRCSLVHKPGEVVVSYGGMRVRPKCYGFSRMMATLEV;QVQLVQSGGALVKPGGSLRLSCAGSGLTLSNAWMTWVRQGPGKGLEWVGRMKSKFAGGATDYAAAVKGRFTISRGDSENTVYLQMNSLKTEDTAVYYCTTDRWEVDYDQTWGTYHRNMGDYWGQGTLVTVSS
Gn_1c5_complex,PIICAGPIHSNKSADIPHLLGYSEKICQIDRLIHVSSWLRNHSQFQGYVGQRGGRSQVSYYPAENSYSRWSGLLSPCDADWLGMLVVKKAKGSDMIVPGPSYKGKVFFERPTFDGYVGWGCGSGKSRTESGELCSSDSGTSSGLLPSDRVLWIGDVACQPMTPIPEETFLELKSFSQSEFPDICKIDGIVFNQCEGESLPQPFDVAWMDVGHSHKIIMREHKTKWVQESSSKDFVCYKEGTGPCSESEEKTCKTSGSCRGDMQFCKVAGCEHGEEASEAKCRCSLVHKPGEVVVSYGGMRVRPKCYGFSRMMATLEV;QVQLVQSGGALVKPGGSLRLSCAGSGLTLSNAWMTWVRQGPGKGLEWVGRMKSKFAGGATDYAAAVKGRFTISRGDSENTVYLQMNSLKTEDTAVYYCTTDRWEVDYDRTWGTYHRNMGDYWGQGTLVTVSS
Gn_1c5_complex,PIICAGPIHSNKSADIPHLLGYSEKICQIDRLIHVSSWLRNHSQFQGYVGQRGGRSQVSYYPAENSYSRWSGLLSPCDADWLGMLVVKKAKGSDMIVPGPSYKGKVFFERPTFDGYVGWGCGSGKSRTESGELCSSDSGTSSGLLPSDRVLWIGDVACQPMTPIPEETFLELKSFSQSEFPDICKIDGIVFNQCEGESLPQPFDVAWMDVGHSHKIIMREHKTKWVQESSSKDFVCYKEGTGPCSESEEKTCKTSGSCRGDMQFCKVAGCEHGEEASEAKCRCSLVHKPGEVVVSYGGMRVRPKCYGFSRMMATLEV;QVQLVQSGGALVKPGGSLRLSCAGSGLTLSNAWMTWVRQGPGKGLEWVGRMKSKFAGGATDYAAAVKGRFTISRGDSENTVYLQMNSLKTEDTAVYYCTTDRWEVDYDSTWGTYHRNMGDYWGQGTLVTVSS
Gn_1c5_complex,PIICAGPIHSNKSADIPHLLGYSEKICQIDRLIHVSSWLRNHSQFQGYVGQRGGRSQVSYYPAENSYSRWSGLLSPCDADWLGMLVVKKAKGSDMIVPGPSYKGKVFFERPTFDGYVGWGCGSGKSRTESGELCSSDSGTSSGLLPSDRVLWIGDVACQPMTPIPEETFLELKSFSQSEFPDICKIDGIVFNQCEGESLPQPFDVAWMDVGHSHKIIMREHKTKWVQESSSKDFVCYKEGTGPCSESEEKTCKTSGSCRGDMQFCKVAGCEHGEEASEAKCRCSLVHKPGEVVVSYGGMRVRPKCYGFSRMMATLEV;QVQLVQSGGALVKPGGSLRLSCAGSGLTLSNAWMTWVRQGPGKGLEWVGRMKSKFAGGATDYAAAVKGRFTISRGDSENTVYLQMNSLKTEDTAVYYCTTDRWEVDYDTTWGTYHRNMGDYWGQGTLVTVSS
Gn_1c5_complex,PIICAGPIHSNKSADIPHLLGYSEKICQIDRLIHVSSWLRNHSQFQGYVGQRGGRSQVSYYPAENSYSRWSGLLSPCDADWLGMLVVKKAKGSDMIVPGPSYKGKVFFERPTFDGYVGWGCGSGKSRTESGELCSSDSGTSSGLLPSDRVLWIGDVACQPMTPIPEETFLELKSFSQSEFPDICKIDGIVFNQCEGESLPQPFDVAWMDVGHSHKIIMREHKTKWVQESSSKDFVCYKEGTGPCSESEEKTCKTSGSCRGDMQFCKVAGCEHGEEASEAKCRCSLVHKPGEVVVSYGGMRVRPKCYGFSRMMATLEV;QVQLVQSGGALVKPGGSLRLSCAGSGLTLSNAWMTWVRQGPGKGLEWVGRMKSKFAGGATDYAAAVKGRFTISRGDSENTVYLQMNSLKTEDTAVYYCTTDRWEVDYDVTWGTYHRNMGDYWGQGTLVTVSS
Gn_1c5_complex,PIICAGPIHSNKSADIPHLLGYSEKICQIDRLIHVSSWLRNHSQFQGYVGQRGGRSQVSYYPAENSYSRWSGLLSPCDADWLGMLVVKKAKGSDMIVPGPSYKGKVFFERPTFDGYVGWGCGSGKSRTESGELCSSDSGTSSGLLPSDRVLWIGDVACQPMTPIPEETFLELKSFSQSEFPDICKIDGIVFNQCEGESLPQPFDVAWMDVGHSHKIIMREHKTKWVQESSSKDFVCYKEGTGPCSESEEKTCKTSGSCRGDMQFCKVAGCEHGEEASEAKCRCSLVHKPGEVVVSYGGMRVRPKCYGFSRMMATLEV;QVQLVQSGGALVKPGGSLRLSCAGSGLTLSNAWMTWVRQGPGKGLEWVGRMKSKFAGGATDYAAAVKGRFTISRGDSENTVYLQMNSLKTEDTAVYYCTTDRWEVDYDWTWGTYHRNMGDYWGQGTLVTVSS
Gn_1c5_complex,PIICAGPIHSNKSADIPHLLGYSEKICQIDRLIHVSSWLRNHSQFQGYVGQRGGRSQVSYYPAENSYSRWSGLLSPCDADWLGMLVVKKAKGSDMIVPGPSYKGKVFFERPTFDGYVGWGCGSGKSRTESGELCSSDSGTSSGLLPSDRVLWIGDVACQPMTPIPEETFLELKSFSQSEFPDICKIDGIVFNQCEGESLPQPFDVAWMDVGHSHKIIMREHKTKWVQESSSKDFVCYKEGTGPCSESEEKTCKTSGSCRGDMQFCKVAGCEHGEEASEAKCRCSLVHKPGEVVVSYGGMRVRPKCYGFSRMMATLEV;QVQLVQSGGALVKPGGSLRLSCAGSGLTLSNAWMTWVRQGPGKGLEWVGRMKSKFAGGATDYAAAVKGRFTISRGDSENTVYLQMNSLKTEDTAVYYCTTDRWEVDYDYAWGTYHRNMGDYWGQGTLVTVSS
Gn_1c5_complex,PIICAGPIHSNKSADIPHLLGYSEKICQIDRLIHVSSWLRNHSQFQGYVGQRGGRSQVSYYPAENSYSRWSGLLSPCDADWLGMLVVKKAKGSDMIVPGPSYKGKVFFERPTFDGYVGWGCGSGKSRTESGELCSSDSGTSSGLLPSDRVLWIGDVACQPMTPIPEETFLELKSFSQSEFPDICKIDGIVFNQCEGESLPQPFDVAWMDVGHSHKIIMREHKTKWVQESSSKDFVCYKEGTGPCSESEEKTCKTSGSCRGDMQFCKVAGCEHGEEASEAKCRCSLVHKPGEVVVSYGGMRVRPKCYGFSRMMATLEV;QVQLVQSGGALVKPGGSLRLSCAGSGLTLSNAWMTWVRQGPGKGLEWVGRMKSKFAGGATDYAAAVKGRFTISRGDSENTVYLQMNSLKTEDTAVYYCTTDRWEVDYDYCWGTYHRNMGDYWGQGTLVTVSS
Gn_1c5_complex,PIICAGPIHSNKSADIPHLLGYSEKICQIDRLIHVSSWLRNHSQFQGYVGQRGGRSQVSYYPAENSYSRWSGLLSPCDADWLGMLVVKKAKGSDMIVPGPSYKGKVFFERPTFDGYVGWGCGSGKSRTESGELCSSDSGTSSGLLPSDRVLWIGDVACQPMTPIPEETFLELKSFSQSEFPDICKIDGIVFNQCEGESLPQPFDVAWMDVGHSHKIIMREHKTKWVQESSSKDFVCYKEGTGPCSESEEKTCKTSGSCRGDMQFCKVAGCEHGEEASEAKCRCSLVHKPGEVVVSYGGMRVRPKCYGFSRMMATLEV;QVQLVQSGGALVKPGGSLRLSCAGSGLTLSNAWMTWVRQGPGKGLEWVGRMKSKFAGGATDYAAAVKGRFTISRGDSENTVYLQMNSLKTEDTAVYYCTTDRWEVDYDYDWGTYHRNMGDYWGQGTLVTVSS
Gn_1c5_complex,PIICAGPIHSNKSADIPHLLGYSEKICQIDRLIHVSSWLRNHSQFQGYVGQRGGRSQVSYYPAENSYSRWSGLLSPCDADWLGMLVVKKAKGSDMIVPGPSYKGKVFFERPTFDGYVGWGCGSGKSRTESGELCSSDSGTSSGLLPSDRVLWIGDVACQPMTPIPEETFLELKSFSQSEFPDICKIDGIVFNQCEGESLPQPFDVAWMDVGHSHKIIMREHKTKWVQESSSKDFVCYKEGTGPCSESEEKTCKTSGSCRGDMQFCKVAGCEHGEEASEAKCRCSLVHKPGEVVVSYGGMRVRPKCYGFSRMMATLEV;QVQLVQSGGALVKPGGSLRLSCAGSGLTLSNAWMTWVRQGPGKGLEWVGRMKSKFAGGATDYAAAVKGRFTISRGDSENTVYLQMNSLKTEDTAVYYCTTDRWEVDYDYEWGTYHRNMGDYWGQGTLVTVSS
Gn_1c5_complex,PIICAGPIHSNKSADIPHLLGYSEKICQIDRLIHVSSWLRNHSQFQGYVGQRGGRSQVSYYPAENSYSRWSGLLSPCDADWLGMLVVKKAKGSDMIVPGPSYKGKVFFERPTFDGYVGWGCGSGKSRTESGELCSSDSGTSSGLLPSDRVLWIGDVACQPMTPIPEETFLELKSFSQSEFPDICKIDGIVFNQCEGESLPQPFDVAWMDVGHSHKIIMREHKTKWVQESSSKDFVCYKEGTGPCSESEEKTCKTSGSCRGDMQFCKVAGCEHGEEASEAKCRCSLVHKPGEVVVSYGGMRVRPKCYGFSRMMATLEV;QVQLVQSGGALVKPGGSLRLSCAGSGLTLSNAWMTWVRQGPGKGLEWVGRMKSKFAGGATDYAAAVKGRFTISRGDSENTVYLQMNSLKTEDTAVYYCTTDRWEVDYDYFWGTYHRNMGDYWGQGTLVTVSS
Gn_1c5_complex,PIICAGPIHSNKSADIPHLLGYSEKICQIDRLIHVSSWLRNHSQFQGYVGQRGGRSQVSYYPAENSYSRWSGLLSPCDADWLGMLVVKKAKGSDMIVPGPSYKGKVFFERPTFDGYVGWGCGSGKSRTESGELCSSDSGTSSGLLPSDRVLWIGDVACQPMTPIPEETFLELKSFSQSEFPDICKIDGIVFNQCEGESLPQPFDVAWMDVGHSHKIIMREHKTKWVQESSSKDFVCYKEGTGPCSESEEKTCKTSGSCRGDMQFCKVAGCEHGEEASEAKCRCSLVHKPGEVVVSYGGMRVRPKCYGFSRMMATLEV;QVQLVQSGGALVKPGGSLRLSCAGSGLTLSNAWMTWVRQGPGKGLEWVGRMKSKFAGGATDYAAAVKGRFTISRGDSENTVYLQMNSLKTEDTAVYYCTTDRWEVDYDYGWGTYHRNMGDYWGQGTLVTVSS
Gn_1c5_complex,PIICAGPIHSNKSADIPHLLGYSEKICQIDRLIHVSSWLRNHSQFQGYVGQRGGRSQVSYYPAENSYSRWSGLLSPCDADWLGMLVVKKAKGSDMIVPGPSYKGKVFFERPTFDGYVGWGCGSGKSRTESGELCSSDSGTSSGLLPSDRVLWIGDVACQPMTPIPEETFLELKSFSQSEFPDICKIDGIVFNQCEGESLPQPFDVAWMDVGHSHKIIMREHKTKWVQESSSKDFVCYKEGTGPCSESEEKTCKTSGSCRGDMQFCKVAGCEHGEEASEAKCRCSLVHKPGEVVVSYGGMRVRPKCYGFSRMMATLEV;QVQLVQSGGALVKPGGSLRLSCAGSGLTLSNAWMTWVRQGPGKGLEWVGRMKSKFAGGATDYAAAVKGRFTISRGDSENTVYLQMNSLKTEDTAVYYCTTDRWEVDYDYHWGTYHRNMGDYWGQGTLVTVSS
Gn_1c5_complex,PIICAGPIHSNKSADIPHLLGYSEKICQIDRLIHVSSWLRNHSQFQGYVGQRGGRSQVSYYPAENSYSRWSGLLSPCDADWLGMLVVKKAKGSDMIVPGPSYKGKVFFERPTFDGYVGWGCGSGKSRTESGELCSSDSGTSSGLLPSDRVLWIGDVACQPMTPIPEETFLELKSFSQSEFPDICKIDGIVFNQCEGESLPQPFDVAWMDVGHSHKIIMREHKTKWVQESSSKDFVCYKEGTGPCSESEEKTCKTSGSCRGDMQFCKVAGCEHGEEASEAKCRCSLVHKPGEVVVSYGGMRVRPKCYGFSRMMATLEV;QVQLVQSGGALVKPGGSLRLSCAGSGLTLSNAWMTWVRQGPGKGLEWVGRMKSKFAGGATDYAAAVKGRFTISRGDSENTVYLQMNSLKTEDTAVYYCTTDRWEVDYDYIWGTYHRNMGDYWGQGTLVTVSS
Gn_1c5_complex,PIICAGPIHSNKSADIPHLLGYSEKICQIDRLIHVSSWLRNHSQFQGYVGQRGGRSQVSYYPAENSYSRWSGLLSPCDADWLGMLVVKKAKGSDMIVPGPSYKGKVFFERPTFDGYVGWGCGSGKSRTESGELCSSDSGTSSGLLPSDRVLWIGDVACQPMTPIPEETFLELKSFSQSEFPDICKIDGIVFNQCEGESLPQPFDVAWMDVGHSHKIIMREHKTKWVQESSSKDFVCYKEGTGPCSESEEKTCKTSGSCRGDMQFCKVAGCEHGEEASEAKCRCSLVHKPGEVVVSYGGMRVRPKCYGFSRMMATLEV;QVQLVQSGGALVKPGGSLRLSCAGSGLTLSNAWMTWVRQGPGKGLEWVGRMKSKFAGGATDYAAAVKGRFTISRGDSENTVYLQMNSLKTEDTAVYYCTTDRWEVDYDYKWGTYHRNMGDYWGQGTLVTVSS
Gn_1c5_complex,PIICAGPIHSNKSADIPHLLGYSEKICQIDRLIHVSSWLRNHSQFQGYVGQRGGRSQVSYYPAENSYSRWSGLLSPCDADWLGMLVVKKAKGSDMIVPGPSYKGKVFFERPTFDGYVGWGCGSGKSRTESGELCSSDSGTSSGLLPSDRVLWIGDVACQPMTPIPEETFLELKSFSQSEFPDICKIDGIVFNQCEGESLPQPFDVAWMDVGHSHKIIMREHKTKWVQESSSKDFVCYKEGTGPCSESEEKTCKTSGSCRGDMQFCKVAGCEHGEEASEAKCRCSLVHKPGEVVVSYGGMRVRPKCYGFSRMMATLEV;QVQLVQSGGALVKPGGSLRLSCAGSGLTLSNAWMTWVRQGPGKGLEWVGRMKSKFAGGATDYAAAVKGRFTISRGDSENTVYLQMNSLKTEDTAVYYCTTDRWEVDYDYLWGTYHRNMGDYWGQGTLVTVSS
Gn_1c5_complex,PIICAGPIHSNKSADIPHLLGYSEKICQIDRLIHVSSWLRNHSQFQGYVGQRGGRSQVSYYPAENSYSRWSGLLSPCDADWLGMLVVKKAKGSDMIVPGPSYKGKVFFERPTFDGYVGWGCGSGKSRTESGELCSSDSGTSSGLLPSDRVLWIGDVACQPMTPIPEETFLELKSFSQSEFPDICKIDGIVFNQCEGESLPQPFDVAWMDVGHSHKIIMREHKTKWVQESSSKDFVCYKEGTGPCSESEEKTCKTSGSCRGDMQFCKVAGCEHGEEASEAKCRCSLVHKPGEVVVSYGGMRVRPKCYGFSRMMATLEV;QVQLVQSGGALVKPGGSLRLSCAGSGLTLSNAWMTWVRQGPGKGLEWVGRMKSKFAGGATDYAAAVKGRFTISRGDSENTVYLQMNSLKTEDTAVYYCTTDRWEVDYDYMWGTYHRNMGDYWGQGTLVTVSS
Gn_1c5_complex,PIICAGPIHSNKSADIPHLLGYSEKICQIDRLIHVSSWLRNHSQFQGYVGQRGGRSQVSYYPAENSYSRWSGLLSPCDADWLGMLVVKKAKGSDMIVPGPSYKGKVFFERPTFDGYVGWGCGSGKSRTESGELCSSDSGTSSGLLPSDRVLWIGDVACQPMTPIPEETFLELKSFSQSEFPDICKIDGIVFNQCEGESLPQPFDVAWMDVGHSHKIIMREHKTKWVQESSSKDFVCYKEGTGPCSESEEKTCKTSGSCRGDMQFCKVAGCEHGEEASEAKCRCSLVHKPGEVVVSYGGMRVRPKCYGFSRMMATLEV;QVQLVQSGGALVKPGGSLRLSCAGSGLTLSNAWMTWVRQGPGKGLEWVGRMKSKFAGGATDYAAAVKGRFTISRGDSENTVYLQMNSLKTEDTAVYYCTTDRWEVDYDYNWGTYHRNMGDYWGQGTLVTVSS
Gn_1c5_complex,PIICAGPIHSNKSADIPHLLGYSEKICQIDRLIHVSSWLRNHSQFQGYVGQRGGRSQVSYYPAENSYSRWSGLLSPCDADWLGMLVVKKAKGSDMIVPGPSYKGKVFFERPTFDGYVGWGCGSGKSRTESGELCSSDSGTSSGLLPSDRVLWIGDVACQPMTPIPEETFLELKSFSQSEFPDICKIDGIVFNQCEGESLPQPFDVAWMDVGHSHKIIMREHKTKWVQESSSKDFVCYKEGTGPCSESEEKTCKTSGSCRGDMQFCKVAGCEHGEEASEAKCRCSLVHKPGEVVVSYGGMRVRPKCYGFSRMMATLEV;QVQLVQSGGALVKPGGSLRLSCAGSGLTLSNAWMTWVRQGPGKGLEWVGRMKSKFAGGATDYAAAVKGRFTISRGDSENTVYLQMNSLKTEDTAVYYCTTDRWEVDYDYPWGTYHRNMGDYWGQGTLVTVSS
Gn_1c5_complex,PIICAGPIHSNKSADIPHLLGYSEKICQIDRLIHVSSWLRNHSQFQGYVGQRGGRSQVSYYPAENSYSRWSGLLSPCDADWLGMLVVKKAKGSDMIVPGPSYKGKVFFERPTFDGYVGWGCGSGKSRTESGELCSSDSGTSSGLLPSDRVLWIGDVACQPMTPIPEETFLELKSFSQSEFPDICKIDGIVFNQCEGESLPQPFDVAWMDVGHSHKIIMREHKTKWVQESSSKDFVCYKEGTGPCSESEEKTCKTSGSCRGDMQFCKVAGCEHGEEASEAKCRCSLVHKPGEVVVSYGGMRVRPKCYGFSRMMATLEV;QVQLVQSGGALVKPGGSLRLSCAGSGLTLSNAWMTWVRQGPGKGLEWVGRMKSKFAGGATDYAAAVKGRFTISRGDSENTVYLQMNSLKTEDTAVYYCTTDRWEVDYDYQWGTYHRNMGDYWGQGTLVTVSS
Gn_1c5_complex,PIICAGPIHSNKSADIPHLLGYSEKICQIDRLIHVSSWLRNHSQFQGYVGQRGGRSQVSYYPAENSYSRWSGLLSPCDADWLGMLVVKKAKGSDMIVPGPSYKGKVFFERPTFDGYVGWGCGSGKSRTESGELCSSDSGTSSGLLPSDRVLWIGDVACQPMTPIPEETFLELKSFSQSEFPDICKIDGIVFNQCEGESLPQPFDVAWMDVGHSHKIIMREHKTKWVQESSSKDFVCYKEGTGPCSESEEKTCKTSGSCRGDMQFCKVAGCEHGEEASEAKCRCSLVHKPGEVVVSYGGMRVRPKCYGFSRMMATLEV;QVQLVQSGGALVKPGGSLRLSCAGSGLTLSNAWMTWVRQGPGKGLEWVGRMKSKFAGGATDYAAAVKGRFTISRGDSENTVYLQMNSLKTEDTAVYYCTTDRWEVDYDYRWGTYHRNMGDYWGQGTLVTVSS
Gn_1c5_complex,PIICAGPIHSNKSADIPHLLGYSEKICQIDRLIHVSSWLRNHSQFQGYVGQRGGRSQVSYYPAENSYSRWSGLLSPCDADWLGMLVVKKAKGSDMIVPGPSYKGKVFFERPTFDGYVGWGCGSGKSRTESGELCSSDSGTSSGLLPSDRVLWIGDVACQPMTPIPEETFLELKSFSQSEFPDICKIDGIVFNQCEGESLPQPFDVAWMDVGHSHKIIMREHKTKWVQESSSKDFVCYKEGTGPCSESEEKTCKTSGSCRGDMQFCKVAGCEHGEEASEAKCRCSLVHKPGEVVVSYGGMRVRPKCYGFSRMMATLEV;QVQLVQSGGALVKPGGSLRLSCAGSGLTLSNAWMTWVRQGPGKGLEWVGRMKSKFAGGATDYAAAVKGRFTISRGDSENTVYLQMNSLKTEDTAVYYCTTDRWEVDYDYSWGTYHRNMGDYWGQGTLVTVSS
Gn_1c5_complex,PIICAGPIHSNKSADIPHLLGYSEKICQIDRLIHVSSWLRNHSQFQGYVGQRGGRSQVSYYPAENSYSRWSGLLSPCDADWLGMLVVKKAKGSDMIVPGPSYKGKVFFERPTFDGYVGWGCGSGKSRTESGELCSSDSGTSSGLLPSDRVLWIGDVACQPMTPIPEETFLELKSFSQSEFPDICKIDGIVFNQCEGESLPQPFDVAWMDVGHSHKIIMREHKTKWVQESSSKDFVCYKEGTGPCSESEEKTCKTSGSCRGDMQFCKVAGCEHGEEASEAKCRCSLVHKPGEVVVSYGGMRVRPKCYGFSRMMATLEV;QVQLVQSGGALVKPGGSLRLSCAGSGLTLSNAWMTWVRQGPGKGLEWVGRMKSKFAGGATDYAAAVKGRFTISRGDSENTVYLQMNSLKTEDTAVYYCTTDRWEVDYDYVWGTYHRNMGDYWGQGTLVTVSS
Gn_1c5_complex,PIICAGPIHSNKSADIPHLLGYSEKICQIDRLIHVSSWLRNHSQFQGYVGQRGGRSQVSYYPAENSYSRWSGLLSPCDADWLGMLVVKKAKGSDMIVPGPSYKGKVFFERPTFDGYVGWGCGSGKSRTESGELCSSDSGTSSGLLPSDRVLWIGDVACQPMTPIPEETFLELKSFSQSEFPDICKIDGIVFNQCEGESLPQPFDVAWMDVGHSHKIIMREHKTKWVQESSSKDFVCYKEGTGPCSESEEKTCKTSGSCRGDMQFCKVAGCEHGEEASEAKCRCSLVHKPGEVVVSYGGMRVRPKCYGFSRMMATLEV;QVQLVQSGGALVKPGGSLRLSCAGSGLTLSNAWMTWVRQGPGKGLEWVGRMKSKFAGGATDYAAAVKGRFTISRGDSENTVYLQMNSLKTEDTAVYYCTTDRWEVDYDYWWGTYHRNMGDYWGQGTLVTVSS
Gn_1c5_complex,PIICAGPIHSNKSADIPHLLGYSEKICQIDRLIHVSSWLRNHSQFQGYVGQRGGRSQVSYYPAENSYSRWSGLLSPCDADWLGMLVVKKAKGSDMIVPGPSYKGKVFFERPTFDGYVGWGCGSGKSRTESGELCSSDSGTSSGLLPSDRVLWIGDVACQPMTPIPEETFLELKSFSQSEFPDICKIDGIVFNQCEGESLPQPFDVAWMDVGHSHKIIMREHKTKWVQESSSKDFVCYKEGTGPCSESEEKTCKTSGSCRGDMQFCKVAGCEHGEEASEAKCRCSLVHKPGEVVVSYGGMRVRPKCYGFSRMMATLEV;QVQLVQSGGALVKPGGSLRLSCAGSGLTLSNAWMTWVRQGPGKGLEWVGRMKSKFAGGATDYAAAVKGRFTISRGDSENTVYLQMNSLKTEDTAVYYCTTDRWEVDYDYYWGTYHRNMGDYWGQGTLVTVSS
Gn_1c5_complex,PIICAGPIHSNKSADIPHLLGYSEKICQIDRLIHVSSWLRNHSQFQGYVGQRGGRSQVSYYPAENSYSRWSGLLSPCDADWLGMLVVKKAKGSDMIVPGPSYKGKVFFERPTFDGYVGWGCGSGKSRTESGELCSSDSGTSSGLLPSDRVLWIGDVACQPMTPIPEETFLELKSFSQSEFPDICKIDGIVFNQCEGESLPQPFDVAWMDVGHSHKIIMREHKTKWVQESSSKDFVCYKEGTGPCSESEEKTCKTSGSCRGDMQFCKVAGCEHGEEASEAKCRCSLVHKPGEVVVSYGGMRVRPKCYGFSRMMATLEV;QVQLVQSGGALVKPGGSLRLSCAGSGLTLSNAWMTWVRQGPGKGLEWVGRMKSKFAGGATDYAAAVKGRFTISRGDSENTVYLQMNSLKTEDTAVYYCTTDRWEVDYDYTAGTYHRNMGDYWGQGTLVTVSS
Gn_1c5_complex,PIICAGPIHSNKSADIPHLLGYSEKICQIDRLIHVSSWLRNHSQFQGYVGQRGGRSQVSYYPAENSYSRWSGLLSPCDADWLGMLVVKKAKGSDMIVPGPSYKGKVFFERPTFDGYVGWGCGSGKSRTESGELCSSDSGTSSGLLPSDRVLWIGDVACQPMTPIPEETFLELKSFSQSEFPDICKIDGIVFNQCEGESLPQPFDVAWMDVGHSHKIIMREHKTKWVQESSSKDFVCYKEGTGPCSESEEKTCKTSGSCRGDMQFCKVAGCEHGEEASEAKCRCSLVHKPGEVVVSYGGMRVRPKCYGFSRMMATLEV;QVQLVQSGGALVKPGGSLRLSCAGSGLTLSNAWMTWVRQGPGKGLEWVGRMKSKFAGGATDYAAAVKGRFTISRGDSENTVYLQMNSLKTEDTAVYYCTTDRWEVDYDYTCGTYHRNMGDYWGQGTLVTVSS
Gn_1c5_complex,PIICAGPIHSNKSADIPHLLGYSEKICQIDRLIHVSSWLRNHSQFQGYVGQRGGRSQVSYYPAENSYSRWSGLLSPCDADWLGMLVVKKAKGSDMIVPGPSYKGKVFFERPTFDGYVGWGCGSGKSRTESGELCSSDSGTSSGLLPSDRVLWIGDVACQPMTPIPEETFLELKSFSQSEFPDICKIDGIVFNQCEGESLPQPFDVAWMDVGHSHKIIMREHKTKWVQESSSKDFVCYKEGTGPCSESEEKTCKTSGSCRGDMQFCKVAGCEHGEEASEAKCRCSLVHKPGEVVVSYGGMRVRPKCYGFSRMMATLEV;QVQLVQSGGALVKPGGSLRLSCAGSGLTLSNAWMTWVRQGPGKGLEWVGRMKSKFAGGATDYAAAVKGRFTISRGDSENTVYLQMNSLKTEDTAVYYCTTDRWEVDYDYTDGTYHRNMGDYWGQGTLVTVSS
Gn_1c5_complex,PIICAGPIHSNKSADIPHLLGYSEKICQIDRLIHVSSWLRNHSQFQGYVGQRGGRSQVSYYPAENSYSRWSGLLSPCDADWLGMLVVKKAKGSDMIVPGPSYKGKVFFERPTFDGYVGWGCGSGKSRTESGELCSSDSGTSSGLLPSDRVLWIGDVACQPMTPIPEETFLELKSFSQSEFPDICKIDGIVFNQCEGESLPQPFDVAWMDVGHSHKIIMREHKTKWVQESSSKDFVCYKEGTGPCSESEEKTCKTSGSCRGDMQFCKVAGCEHGEEASEAKCRCSLVHKPGEVVVSYGGMRVRPKCYGFSRMMATLEV;QVQLVQSGGALVKPGGSLRLSCAGSGLTLSNAWMTWVRQGPGKGLEWVGRMKSKFAGGATDYAAAVKGRFTISRGDSENTVYLQMNSLKTEDTAVYYCTTDRWEVDYDYTEGTYHRNMGDYWGQGTLVTVSS
Gn_1c5_complex,PIICAGPIHSNKSADIPHLLGYSEKICQIDRLIHVSSWLRNHSQFQGYVGQRGGRSQVSYYPAENSYSRWSGLLSPCDADWLGMLVVKKAKGSDMIVPGPSYKGKVFFERPTFDGYVGWGCGSGKSRTESGELCSSDSGTSSGLLPSDRVLWIGDVACQPMTPIPEETFLELKSFSQSEFPDICKIDGIVFNQCEGESLPQPFDVAWMDVGHSHKIIMREHKTKWVQESSSKDFVCYKEGTGPCSESEEKTCKTSGSCRGDMQFCKVAGCEHGEEASEAKCRCSLVHKPGEVVVSYGGMRVRPKCYGFSRMMATLEV;QVQLVQSGGALVKPGGSLRLSCAGSGLTLSNAWMTWVRQGPGKGLEWVGRMKSKFAGGATDYAAAVKGRFTISRGDSENTVYLQMNSLKTEDTAVYYCTTDRWEVDYDYTFGTYHRNMGDYWGQGTLVTVSS
Gn_1c5_complex,PIICAGPIHSNKSADIPHLLGYSEKICQIDRLIHVSSWLRNHSQFQGYVGQRGGRSQVSYYPAENSYSRWSGLLSPCDADWLGMLVVKKAKGSDMIVPGPSYKGKVFFERPTFDGYVGWGCGSGKSRTESGELCSSDSGTSSGLLPSDRVLWIGDVACQPMTPIPEETFLELKSFSQSEFPDICKIDGIVFNQCEGESLPQPFDVAWMDVGHSHKIIMREHKTKWVQESSSKDFVCYKEGTGPCSESEEKTCKTSGSCRGDMQFCKVAGCEHGEEASEAKCRCSLVHKPGEVVVSYGGMRVRPKCYGFSRMMATLEV;QVQLVQSGGALVKPGGSLRLSCAGSGLTLSNAWMTWVRQGPGKGLEWVGRMKSKFAGGATDYAAAVKGRFTISRGDSENTVYLQMNSLKTEDTAVYYCTTDRWEVDYDYTGGTYHRNMGDYWGQGTLVTVSS
Gn_1c5_complex,PIICAGPIHSNKSADIPHLLGYSEKICQIDRLIHVSSWLRNHSQFQGYVGQRGGRSQVSYYPAENSYSRWSGLLSPCDADWLGMLVVKKAKGSDMIVPGPSYKGKVFFERPTFDGYVGWGCGSGKSRTESGELCSSDSGTSSGLLPSDRVLWIGDVACQPMTPIPEETFLELKSFSQSEFPDICKIDGIVFNQCEGESLPQPFDVAWMDVGHSHKIIMREHKTKWVQESSSKDFVCYKEGTGPCSESEEKTCKTSGSCRGDMQFCKVAGCEHGEEASEAKCRCSLVHKPGEVVVSYGGMRVRPKCYGFSRMMATLEV;QVQLVQSGGALVKPGGSLRLSCAGSGLTLSNAWMTWVRQGPGKGLEWVGRMKSKFAGGATDYAAAVKGRFTISRGDSENTVYLQMNSLKTEDTAVYYCTTDRWEVDYDYTHGTYHRNMGDYWGQGTLVTVSS
Gn_1c5_complex,PIICAGPIHSNKSADIPHLLGYSEKICQIDRLIHVSSWLRNHSQFQGYVGQRGGRSQVSYYPAENSYSRWSGLLSPCDADWLGMLVVKKAKGSDMIVPGPSYKGKVFFERPTFDGYVGWGCGSGKSRTESGELCSSDSGTSSGLLPSDRVLWIGDVACQPMTPIPEETFLELKSFSQSEFPDICKIDGIVFNQCEGESLPQPFDVAWMDVGHSHKIIMREHKTKWVQESSSKDFVCYKEGTGPCSESEEKTCKTSGSCRGDMQFCKVAGCEHGEEASEAKCRCSLVHKPGEVVVSYGGMRVRPKCYGFSRMMATLEV;QVQLVQSGGALVKPGGSLRLSCAGSGLTLSNAWMTWVRQGPGKGLEWVGRMKSKFAGGATDYAAAVKGRFTISRGDSENTVYLQMNSLKTEDTAVYYCTTDRWEVDYDYTIGTYHRNMGDYWGQGTLVTVSS
Gn_1c5_complex,PIICAGPIHSNKSADIPHLLGYSEKICQIDRLIHVSSWLRNHSQFQGYVGQRGGRSQVSYYPAENSYSRWSGLLSPCDADWLGMLVVKKAKGSDMIVPGPSYKGKVFFERPTFDGYVGWGCGSGKSRTESGELCSSDSGTSSGLLPSDRVLWIGDVACQPMTPIPEETFLELKSFSQSEFPDICKIDGIVFNQCEGESLPQPFDVAWMDVGHSHKIIMREHKTKWVQESSSKDFVCYKEGTGPCSESEEKTCKTSGSCRGDMQFCKVAGCEHGEEASEAKCRCSLVHKPGEVVVSYGGMRVRPKCYGFSRMMATLEV;QVQLVQSGGALVKPGGSLRLSCAGSGLTLSNAWMTWVRQGPGKGLEWVGRMKSKFAGGATDYAAAVKGRFTISRGDSENTVYLQMNSLKTEDTAVYYCTTDRWEVDYDYTKGTYHRNMGDYWGQGTLVTVSS
Gn_1c5_complex,PIICAGPIHSNKSADIPHLLGYSEKICQIDRLIHVSSWLRNHSQFQGYVGQRGGRSQVSYYPAENSYSRWSGLLSPCDADWLGMLVVKKAKGSDMIVPGPSYKGKVFFERPTFDGYVGWGCGSGKSRTESGELCSSDSGTSSGLLPSDRVLWIGDVACQPMTPIPEETFLELKSFSQSEFPDICKIDGIVFNQCEGESLPQPFDVAWMDVGHSHKIIMREHKTKWVQESSSKDFVCYKEGTGPCSESEEKTCKTSGSCRGDMQFCKVAGCEHGEEASEAKCRCSLVHKPGEVVVSYGGMRVRPKCYGFSRMMATLEV;QVQLVQSGGALVKPGGSLRLSCAGSGLTLSNAWMTWVRQGPGKGLEWVGRMKSKFAGGATDYAAAVKGRFTISRGDSENTVYLQMNSLKTEDTAVYYCTTDRWEVDYDYTLGTYHRNMGDYWGQGTLVTVSS
Gn_1c5_complex,PIICAGPIHSNKSADIPHLLGYSEKICQIDRLIHVSSWLRNHSQFQGYVGQRGGRSQVSYYPAENSYSRWSGLLSPCDADWLGMLVVKKAKGSDMIVPGPSYKGKVFFERPTFDGYVGWGCGSGKSRTESGELCSSDSGTSSGLLPSDRVLWIGDVACQPMTPIPEETFLELKSFSQSEFPDICKIDGIVFNQCEGESLPQPFDVAWMDVGHSHKIIMREHKTKWVQESSSKDFVCYKEGTGPCSESEEKTCKTSGSCRGDMQFCKVAGCEHGEEASEAKCRCSLVHKPGEVVVSYGGMRVRPKCYGFSRMMATLEV;QVQLVQSGGALVKPGGSLRLSCAGSGLTLSNAWMTWVRQGPGKGLEWVGRMKSKFAGGATDYAAAVKGRFTISRGDSENTVYLQMNSLKTEDTAVYYCTTDRWEVDYDYTMGTYHRNMGDYWGQGTLVTVSS
Gn_1c5_complex,PIICAGPIHSNKSADIPHLLGYSEKICQIDRLIHVSSWLRNHSQFQGYVGQRGGRSQVSYYPAENSYSRWSGLLSPCDADWLGMLVVKKAKGSDMIVPGPSYKGKVFFERPTFDGYVGWGCGSGKSRTESGELCSSDSGTSSGLLPSDRVLWIGDVACQPMTPIPEETFLELKSFSQSEFPDICKIDGIVFNQCEGESLPQPFDVAWMDVGHSHKIIMREHKTKWVQESSSKDFVCYKEGTGPCSESEEKTCKTSGSCRGDMQFCKVAGCEHGEEASEAKCRCSLVHKPGEVVVSYGGMRVRPKCYGFSRMMATLEV;QVQLVQSGGALVKPGGSLRLSCAGSGLTLSNAWMTWVRQGPGKGLEWVGRMKSKFAGGATDYAAAVKGRFTISRGDSENTVYLQMNSLKTEDTAVYYCTTDRWEVDYDYTNGTYHRNMGDYWGQGTLVTVSS
Gn_1c5_complex,PIICAGPIHSNKSADIPHLLGYSEKICQIDRLIHVSSWLRNHSQFQGYVGQRGGRSQVSYYPAENSYSRWSGLLSPCDADWLGMLVVKKAKGSDMIVPGPSYKGKVFFERPTFDGYVGWGCGSGKSRTESGELCSSDSGTSSGLLPSDRVLWIGDVACQPMTPIPEETFLELKSFSQSEFPDICKIDGIVFNQCEGESLPQPFDVAWMDVGHSHKIIMREHKTKWVQESSSKDFVCYKEGTGPCSESEEKTCKTSGSCRGDMQFCKVAGCEHGEEASEAKCRCSLVHKPGEVVVSYGGMRVRPKCYGFSRMMATLEV;QVQLVQSGGALVKPGGSLRLSCAGSGLTLSNAWMTWVRQGPGKGLEWVGRMKSKFAGGATDYAAAVKGRFTISRGDSENTVYLQMNSLKTEDTAVYYCTTDRWEVDYDYTPGTYHRNMGDYWGQGTLVTVSS
Gn_1c5_complex,PIICAGPIHSNKSADIPHLLGYSEKICQIDRLIHVSSWLRNHSQFQGYVGQRGGRSQVSYYPAENSYSRWSGLLSPCDADWLGMLVVKKAKGSDMIVPGPSYKGKVFFERPTFDGYVGWGCGSGKSRTESGELCSSDSGTSSGLLPSDRVLWIGDVACQPMTPIPEETFLELKSFSQSEFPDICKIDGIVFNQCEGESLPQPFDVAWMDVGHSHKIIMREHKTKWVQESSSKDFVCYKEGTGPCSESEEKTCKTSGSCRGDMQFCKVAGCEHGEEASEAKCRCSLVHKPGEVVVSYGGMRVRPKCYGFSRMMATLEV;QVQLVQSGGALVKPGGSLRLSCAGSGLTLSNAWMTWVRQGPGKGLEWVGRMKSKFAGGATDYAAAVKGRFTISRGDSENTVYLQMNSLKTEDTAVYYCTTDRWEVDYDYTQGTYHRNMGDYWGQGTLVTVSS
Gn_1c5_complex,PIICAGPIHSNKSADIPHLLGYSEKICQIDRLIHVSSWLRNHSQFQGYVGQRGGRSQVSYYPAENSYSRWSGLLSPCDADWLGMLVVKKAKGSDMIVPGPSYKGKVFFERPTFDGYVGWGCGSGKSRTESGELCSSDSGTSSGLLPSDRVLWIGDVACQPMTPIPEETFLELKSFSQSEFPDICKIDGIVFNQCEGESLPQPFDVAWMDVGHSHKIIMREHKTKWVQESSSKDFVCYKEGTGPCSESEEKTCKTSGSCRGDMQFCKVAGCEHGEEASEAKCRCSLVHKPGEVVVSYGGMRVRPKCYGFSRMMATLEV;QVQLVQSGGALVKPGGSLRLSCAGSGLTLSNAWMTWVRQGPGKGLEWVGRMKSKFAGGATDYAAAVKGRFTISRGDSENTVYLQMNSLKTEDTAVYYCTTDRWEVDYDYTRGTYHRNMGDYWGQGTLVTVSS
Gn_1c5_complex,PIICAGPIHSNKSADIPHLLGYSEKICQIDRLIHVSSWLRNHSQFQGYVGQRGGRSQVSYYPAENSYSRWSGLLSPCDADWLGMLVVKKAKGSDMIVPGPSYKGKVFFERPTFDGYVGWGCGSGKSRTESGELCSSDSGTSSGLLPSDRVLWIGDVACQPMTPIPEETFLELKSFSQSEFPDICKIDGIVFNQCEGESLPQPFDVAWMDVGHSHKIIMREHKTKWVQESSSKDFVCYKEGTGPCSESEEKTCKTSGSCRGDMQFCKVAGCEHGEEASEAKCRCSLVHKPGEVVVSYGGMRVRPKCYGFSRMMATLEV;QVQLVQSGGALVKPGGSLRLSCAGSGLTLSNAWMTWVRQGPGKGLEWVGRMKSKFAGGATDYAAAVKGRFTISRGDSENTVYLQMNSLKTEDTAVYYCTTDRWEVDYDYTSGTYHRNMGDYWGQGTLVTVSS
Gn_1c5_complex,PIICAGPIHSNKSADIPHLLGYSEKICQIDRLIHVSSWLRNHSQFQGYVGQRGGRSQVSYYPAENSYSRWSGLLSPCDADWLGMLVVKKAKGSDMIVPGPSYKGKVFFERPTFDGYVGWGCGSGKSRTESGELCSSDSGTSSGLLPSDRVLWIGDVACQPMTPIPEETFLELKSFSQSEFPDICKIDGIVFNQCEGESLPQPFDVAWMDVGHSHKIIMREHKTKWVQESSSKDFVCYKEGTGPCSESEEKTCKTSGSCRGDMQFCKVAGCEHGEEASEAKCRCSLVHKPGEVVVSYGGMRVRPKCYGFSRMMATLEV;QVQLVQSGGALVKPGGSLRLSCAGSGLTLSNAWMTWVRQGPGKGLEWVGRMKSKFAGGATDYAAAVKGRFTISRGDSENTVYLQMNSLKTEDTAVYYCTTDRWEVDYDYTTGTYHRNMGDYWGQGTLVTVSS
Gn_1c5_complex,PIICAGPIHSNKSADIPHLLGYSEKICQIDRLIHVSSWLRNHSQFQGYVGQRGGRSQVSYYPAENSYSRWSGLLSPCDADWLGMLVVKKAKGSDMIVPGPSYKGKVFFERPTFDGYVGWGCGSGKSRTESGELCSSDSGTSSGLLPSDRVLWIGDVACQPMTPIPEETFLELKSFSQSEFPDICKIDGIVFNQCEGESLPQPFDVAWMDVGHSHKIIMREHKTKWVQESSSKDFVCYKEGTGPCSESEEKTCKTSGSCRGDMQFCKVAGCEHGEEASEAKCRCSLVHKPGEVVVSYGGMRVRPKCYGFSRMMATLEV;QVQLVQSGGALVKPGGSLRLSCAGSGLTLSNAWMTWVRQGPGKGLEWVGRMKSKFAGGATDYAAAVKGRFTISRGDSENTVYLQMNSLKTEDTAVYYCTTDRWEVDYDYTVGTYHRNMGDYWGQGTLVTVSS
Gn_1c5_complex,PIICAGPIHSNKSADIPHLLGYSEKICQIDRLIHVSSWLRNHSQFQGYVGQRGGRSQVSYYPAENSYSRWSGLLSPCDADWLGMLVVKKAKGSDMIVPGPSYKGKVFFERPTFDGYVGWGCGSGKSRTESGELCSSDSGTSSGLLPSDRVLWIGDVACQPMTPIPEETFLELKSFSQSEFPDICKIDGIVFNQCEGESLPQPFDVAWMDVGHSHKIIMREHKTKWVQESSSKDFVCYKEGTGPCSESEEKTCKTSGSCRGDMQFCKVAGCEHGEEASEAKCRCSLVHKPGEVVVSYGGMRVRPKCYGFSRMMATLEV;QVQLVQSGGALVKPGGSLRLSCAGSGLTLSNAWMTWVRQGPGKGLEWVGRMKSKFAGGATDYAAAVKGRFTISRGDSENTVYLQMNSLKTEDTAVYYCTTDRWEVDYDYTYGTYHRNMGDYWGQGTLVTVSS
Gn_1c5_complex,PIICAGPIHSNKSADIPHLLGYSEKICQIDRLIHVSSWLRNHSQFQGYVGQRGGRSQVSYYPAENSYSRWSGLLSPCDADWLGMLVVKKAKGSDMIVPGPSYKGKVFFERPTFDGYVGWGCGSGKSRTESGELCSSDSGTSSGLLPSDRVLWIGDVACQPMTPIPEETFLELKSFSQSEFPDICKIDGIVFNQCEGESLPQPFDVAWMDVGHSHKIIMREHKTKWVQESSSKDFVCYKEGTGPCSESEEKTCKTSGSCRGDMQFCKVAGCEHGEEASEAKCRCSLVHKPGEVVVSYGGMRVRPKCYGFSRMMATLEV;QVQLVQSGGALVKPGGSLRLSCAGSGLTLSNAWMTWVRQGPGKGLEWVGRMKSKFAGGATDYAAAVKGRFTISRGDSENTVYLQMNSLKTEDTAVYYCTTDRWEVDYDYTWATYHRNMGDYWGQGTLVTVSS
Gn_1c5_complex,PIICAGPIHSNKSADIPHLLGYSEKICQIDRLIHVSSWLRNHSQFQGYVGQRGGRSQVSYYPAENSYSRWSGLLSPCDADWLGMLVVKKAKGSDMIVPGPSYKGKVFFERPTFDGYVGWGCGSGKSRTESGELCSSDSGTSSGLLPSDRVLWIGDVACQPMTPIPEETFLELKSFSQSEFPDICKIDGIVFNQCEGESLPQPFDVAWMDVGHSHKIIMREHKTKWVQESSSKDFVCYKEGTGPCSESEEKTCKTSGSCRGDMQFCKVAGCEHGEEASEAKCRCSLVHKPGEVVVSYGGMRVRPKCYGFSRMMATLEV;QVQLVQSGGALVKPGGSLRLSCAGSGLTLSNAWMTWVRQGPGKGLEWVGRMKSKFAGGATDYAAAVKGRFTISRGDSENTVYLQMNSLKTEDTAVYYCTTDRWEVDYDYTWCTYHRNMGDYWGQGTLVTVSS
Gn_1c5_complex,PIICAGPIHSNKSADIPHLLGYSEKICQIDRLIHVSSWLRNHSQFQGYVGQRGGRSQVSYYPAENSYSRWSGLLSPCDADWLGMLVVKKAKGSDMIVPGPSYKGKVFFERPTFDGYVGWGCGSGKSRTESGELCSSDSGTSSGLLPSDRVLWIGDVACQPMTPIPEETFLELKSFSQSEFPDICKIDGIVFNQCEGESLPQPFDVAWMDVGHSHKIIMREHKTKWVQESSSKDFVCYKEGTGPCSESEEKTCKTSGSCRGDMQFCKVAGCEHGEEASEAKCRCSLVHKPGEVVVSYGGMRVRPKCYGFSRMMATLEV;QVQLVQSGGALVKPGGSLRLSCAGSGLTLSNAWMTWVRQGPGKGLEWVGRMKSKFAGGATDYAAAVKGRFTISRGDSENTVYLQMNSLKTEDTAVYYCTTDRWEVDYDYTWDTYHRNMGDYWGQGTLVTVSS
Gn_1c5_complex,PIICAGPIHSNKSADIPHLLGYSEKICQIDRLIHVSSWLRNHSQFQGYVGQRGGRSQVSYYPAENSYSRWSGLLSPCDADWLGMLVVKKAKGSDMIVPGPSYKGKVFFERPTFDGYVGWGCGSGKSRTESGELCSSDSGTSSGLLPSDRVLWIGDVACQPMTPIPEETFLELKSFSQSEFPDICKIDGIVFNQCEGESLPQPFDVAWMDVGHSHKIIMREHKTKWVQESSSKDFVCYKEGTGPCSESEEKTCKTSGSCRGDMQFCKVAGCEHGEEASEAKCRCSLVHKPGEVVVSYGGMRVRPKCYGFSRMMATLEV;QVQLVQSGGALVKPGGSLRLSCAGSGLTLSNAWMTWVRQGPGKGLEWVGRMKSKFAGGATDYAAAVKGRFTISRGDSENTVYLQMNSLKTEDTAVYYCTTDRWEVDYDYTWETYHRNMGDYWGQGTLVTVSS
Gn_1c5_complex,PIICAGPIHSNKSADIPHLLGYSEKICQIDRLIHVSSWLRNHSQFQGYVGQRGGRSQVSYYPAENSYSRWSGLLSPCDADWLGMLVVKKAKGSDMIVPGPSYKGKVFFERPTFDGYVGWGCGSGKSRTESGELCSSDSGTSSGLLPSDRVLWIGDVACQPMTPIPEETFLELKSFSQSEFPDICKIDGIVFNQCEGESLPQPFDVAWMDVGHSHKIIMREHKTKWVQESSSKDFVCYKEGTGPCSESEEKTCKTSGSCRGDMQFCKVAGCEHGEEASEAKCRCSLVHKPGEVVVSYGGMRVRPKCYGFSRMMATLEV;QVQLVQSGGALVKPGGSLRLSCAGSGLTLSNAWMTWVRQGPGKGLEWVGRMKSKFAGGATDYAAAVKGRFTISRGDSENTVYLQMNSLKTEDTAVYYCTTDRWEVDYDYTWFTYHRNMGDYWGQGTLVTVSS
Gn_1c5_complex,PIICAGPIHSNKSADIPHLLGYSEKICQIDRLIHVSSWLRNHSQFQGYVGQRGGRSQVSYYPAENSYSRWSGLLSPCDADWLGMLVVKKAKGSDMIVPGPSYKGKVFFERPTFDGYVGWGCGSGKSRTESGELCSSDSGTSSGLLPSDRVLWIGDVACQPMTPIPEETFLELKSFSQSEFPDICKIDGIVFNQCEGESLPQPFDVAWMDVGHSHKIIMREHKTKWVQESSSKDFVCYKEGTGPCSESEEKTCKTSGSCRGDMQFCKVAGCEHGEEASEAKCRCSLVHKPGEVVVSYGGMRVRPKCYGFSRMMATLEV;QVQLVQSGGALVKPGGSLRLSCAGSGLTLSNAWMTWVRQGPGKGLEWVGRMKSKFAGGATDYAAAVKGRFTISRGDSENTVYLQMNSLKTEDTAVYYCTTDRWEVDYDYTWHTYHRNMGDYWGQGTLVTVSS
Gn_1c5_complex,PIICAGPIHSNKSADIPHLLGYSEKICQIDRLIHVSSWLRNHSQFQGYVGQRGGRSQVSYYPAENSYSRWSGLLSPCDADWLGMLVVKKAKGSDMIVPGPSYKGKVFFERPTFDGYVGWGCGSGKSRTESGELCSSDSGTSSGLLPSDRVLWIGDVACQPMTPIPEETFLELKSFSQSEFPDICKIDGIVFNQCEGESLPQPFDVAWMDVGHSHKIIMREHKTKWVQESSSKDFVCYKEGTGPCSESEEKTCKTSGSCRGDMQFCKVAGCEHGEEASEAKCRCSLVHKPGEVVVSYGGMRVRPKCYGFSRMMATLEV;QVQLVQSGGALVKPGGSLRLSCAGSGLTLSNAWMTWVRQGPGKGLEWVGRMKSKFAGGATDYAAAVKGRFTISRGDSENTVYLQMNSLKTEDTAVYYCTTDRWEVDYDYTWITYHRNMGDYWGQGTLVTVSS
Gn_1c5_complex,PIICAGPIHSNKSADIPHLLGYSEKICQIDRLIHVSSWLRNHSQFQGYVGQRGGRSQVSYYPAENSYSRWSGLLSPCDADWLGMLVVKKAKGSDMIVPGPSYKGKVFFERPTFDGYVGWGCGSGKSRTESGELCSSDSGTSSGLLPSDRVLWIGDVACQPMTPIPEETFLELKSFSQSEFPDICKIDGIVFNQCEGESLPQPFDVAWMDVGHSHKIIMREHKTKWVQESSSKDFVCYKEGTGPCSESEEKTCKTSGSCRGDMQFCKVAGCEHGEEASEAKCRCSLVHKPGEVVVSYGGMRVRPKCYGFSRMMATLEV;QVQLVQSGGALVKPGGSLRLSCAGSGLTLSNAWMTWVRQGPGKGLEWVGRMKSKFAGGATDYAAAVKGRFTISRGDSENTVYLQMNSLKTEDTAVYYCTTDRWEVDYDYTWKTYHRNMGDYWGQGTLVTVSS
Gn_1c5_complex,PIICAGPIHSNKSADIPHLLGYSEKICQIDRLIHVSSWLRNHSQFQGYVGQRGGRSQVSYYPAENSYSRWSGLLSPCDADWLGMLVVKKAKGSDMIVPGPSYKGKVFFERPTFDGYVGWGCGSGKSRTESGELCSSDSGTSSGLLPSDRVLWIGDVACQPMTPIPEETFLELKSFSQSEFPDICKIDGIVFNQCEGESLPQPFDVAWMDVGHSHKIIMREHKTKWVQESSSKDFVCYKEGTGPCSESEEKTCKTSGSCRGDMQFCKVAGCEHGEEASEAKCRCSLVHKPGEVVVSYGGMRVRPKCYGFSRMMATLEV;QVQLVQSGGALVKPGGSLRLSCAGSGLTLSNAWMTWVRQGPGKGLEWVGRMKSKFAGGATDYAAAVKGRFTISRGDSENTVYLQMNSLKTEDTAVYYCTTDRWEVDYDYTWLTYHRNMGDYWGQGTLVTVSS
Gn_1c5_complex,PIICAGPIHSNKSADIPHLLGYSEKICQIDRLIHVSSWLRNHSQFQGYVGQRGGRSQVSYYPAENSYSRWSGLLSPCDADWLGMLVVKKAKGSDMIVPGPSYKGKVFFERPTFDGYVGWGCGSGKSRTESGELCSSDSGTSSGLLPSDRVLWIGDVACQPMTPIPEETFLELKSFSQSEFPDICKIDGIVFNQCEGESLPQPFDVAWMDVGHSHKIIMREHKTKWVQESSSKDFVCYKEGTGPCSESEEKTCKTSGSCRGDMQFCKVAGCEHGEEASEAKCRCSLVHKPGEVVVSYGGMRVRPKCYGFSRMMATLEV;QVQLVQSGGALVKPGGSLRLSCAGSGLTLSNAWMTWVRQGPGKGLEWVGRMKSKFAGGATDYAAAVKGRFTISRGDSENTVYLQMNSLKTEDTAVYYCTTDRWEVDYDYTWMTYHRNMGDYWGQGTLVTVSS
Gn_1c5_complex,PIICAGPIHSNKSADIPHLLGYSEKICQIDRLIHVSSWLRNHSQFQGYVGQRGGRSQVSYYPAENSYSRWSGLLSPCDADWLGMLVVKKAKGSDMIVPGPSYKGKVFFERPTFDGYVGWGCGSGKSRTESGELCSSDSGTSSGLLPSDRVLWIGDVACQPMTPIPEETFLELKSFSQSEFPDICKIDGIVFNQCEGESLPQPFDVAWMDVGHSHKIIMREHKTKWVQESSSKDFVCYKEGTGPCSESEEKTCKTSGSCRGDMQFCKVAGCEHGEEASEAKCRCSLVHKPGEVVVSYGGMRVRPKCYGFSRMMATLEV;QVQLVQSGGALVKPGGSLRLSCAGSGLTLSNAWMTWVRQGPGKGLEWVGRMKSKFAGGATDYAAAVKGRFTISRGDSENTVYLQMNSLKTEDTAVYYCTTDRWEVDYDYTWNTYHRNMGDYWGQGTLVTVSS
Gn_1c5_complex,PIICAGPIHSNKSADIPHLLGYSEKICQIDRLIHVSSWLRNHSQFQGYVGQRGGRSQVSYYPAENSYSRWSGLLSPCDADWLGMLVVKKAKGSDMIVPGPSYKGKVFFERPTFDGYVGWGCGSGKSRTESGELCSSDSGTSSGLLPSDRVLWIGDVACQPMTPIPEETFLELKSFSQSEFPDICKIDGIVFNQCEGESLPQPFDVAWMDVGHSHKIIMREHKTKWVQESSSKDFVCYKEGTGPCSESEEKTCKTSGSCRGDMQFCKVAGCEHGEEASEAKCRCSLVHKPGEVVVSYGGMRVRPKCYGFSRMMATLEV;QVQLVQSGGALVKPGGSLRLSCAGSGLTLSNAWMTWVRQGPGKGLEWVGRMKSKFAGGATDYAAAVKGRFTISRGDSENTVYLQMNSLKTEDTAVYYCTTDRWEVDYDYTWPTYHRNMGDYWGQGTLVTVSS
Gn_1c5_complex,PIICAGPIHSNKSADIPHLLGYSEKICQIDRLIHVSSWLRNHSQFQGYVGQRGGRSQVSYYPAENSYSRWSGLLSPCDADWLGMLVVKKAKGSDMIVPGPSYKGKVFFERPTFDGYVGWGCGSGKSRTESGELCSSDSGTSSGLLPSDRVLWIGDVACQPMTPIPEETFLELKSFSQSEFPDICKIDGIVFNQCEGESLPQPFDVAWMDVGHSHKIIMREHKTKWVQESSSKDFVCYKEGTGPCSESEEKTCKTSGSCRGDMQFCKVAGCEHGEEASEAKCRCSLVHKPGEVVVSYGGMRVRPKCYGFSRMMATLEV;QVQLVQSGGALVKPGGSLRLSCAGSGLTLSNAWMTWVRQGPGKGLEWVGRMKSKFAGGATDYAAAVKGRFTISRGDSENTVYLQMNSLKTEDTAVYYCTTDRWEVDYDYTWQTYHRNMGDYWGQGTLVTVSS
Gn_1c5_complex,PIICAGPIHSNKSADIPHLLGYSEKICQIDRLIHVSSWLRNHSQFQGYVGQRGGRSQVSYYPAENSYSRWSGLLSPCDADWLGMLVVKKAKGSDMIVPGPSYKGKVFFERPTFDGYVGWGCGSGKSRTESGELCSSDSGTSSGLLPSDRVLWIGDVACQPMTPIPEETFLELKSFSQSEFPDICKIDGIVFNQCEGESLPQPFDVAWMDVGHSHKIIMREHKTKWVQESSSKDFVCYKEGTGPCSESEEKTCKTSGSCRGDMQFCKVAGCEHGEEASEAKCRCSLVHKPGEVVVSYGGMRVRPKCYGFSRMMATLEV;QVQLVQSGGALVKPGGSLRLSCAGSGLTLSNAWMTWVRQGPGKGLEWVGRMKSKFAGGATDYAAAVKGRFTISRGDSENTVYLQMNSLKTEDTAVYYCTTDRWEVDYDYTWRTYHRNMGDYWGQGTLVTVSS
Gn_1c5_complex,PIICAGPIHSNKSADIPHLLGYSEKICQIDRLIHVSSWLRNHSQFQGYVGQRGGRSQVSYYPAENSYSRWSGLLSPCDADWLGMLVVKKAKGSDMIVPGPSYKGKVFFERPTFDGYVGWGCGSGKSRTESGELCSSDSGTSSGLLPSDRVLWIGDVACQPMTPIPEETFLELKSFSQSEFPDICKIDGIVFNQCEGESLPQPFDVAWMDVGHSHKIIMREHKTKWVQESSSKDFVCYKEGTGPCSESEEKTCKTSGSCRGDMQFCKVAGCEHGEEASEAKCRCSLVHKPGEVVVSYGGMRVRPKCYGFSRMMATLEV;QVQLVQSGGALVKPGGSLRLSCAGSGLTLSNAWMTWVRQGPGKGLEWVGRMKSKFAGGATDYAAAVKGRFTISRGDSENTVYLQMNSLKTEDTAVYYCTTDRWEVDYDYTWSTYHRNMGDYWGQGTLVTVSS
Gn_1c5_complex,PIICAGPIHSNKSADIPHLLGYSEKICQIDRLIHVSSWLRNHSQFQGYVGQRGGRSQVSYYPAENSYSRWSGLLSPCDADWLGMLVVKKAKGSDMIVPGPSYKGKVFFERPTFDGYVGWGCGSGKSRTESGELCSSDSGTSSGLLPSDRVLWIGDVACQPMTPIPEETFLELKSFSQSEFPDICKIDGIVFNQCEGESLPQPFDVAWMDVGHSHKIIMREHKTKWVQESSSKDFVCYKEGTGPCSESEEKTCKTSGSCRGDMQFCKVAGCEHGEEASEAKCRCSLVHKPGEVVVSYGGMRVRPKCYGFSRMMATLEV;QVQLVQSGGALVKPGGSLRLSCAGSGLTLSNAWMTWVRQGPGKGLEWVGRMKSKFAGGATDYAAAVKGRFTISRGDSENTVYLQMNSLKTEDTAVYYCTTDRWEVDYDYTWTTYHRNMGDYWGQGTLVTVSS
Gn_1c5_complex,PIICAGPIHSNKSADIPHLLGYSEKICQIDRLIHVSSWLRNHSQFQGYVGQRGGRSQVSYYPAENSYSRWSGLLSPCDADWLGMLVVKKAKGSDMIVPGPSYKGKVFFERPTFDGYVGWGCGSGKSRTESGELCSSDSGTSSGLLPSDRVLWIGDVACQPMTPIPEETFLELKSFSQSEFPDICKIDGIVFNQCEGESLPQPFDVAWMDVGHSHKIIMREHKTKWVQESSSKDFVCYKEGTGPCSESEEKTCKTSGSCRGDMQFCKVAGCEHGEEASEAKCRCSLVHKPGEVVVSYGGMRVRPKCYGFSRMMATLEV;QVQLVQSGGALVKPGGSLRLSCAGSGLTLSNAWMTWVRQGPGKGLEWVGRMKSKFAGGATDYAAAVKGRFTISRGDSENTVYLQMNSLKTEDTAVYYCTTDRWEVDYDYTWVTYHRNMGDYWGQGTLVTVSS
Gn_1c5_complex,PIICAGPIHSNKSADIPHLLGYSEKICQIDRLIHVSSWLRNHSQFQGYVGQRGGRSQVSYYPAENSYSRWSGLLSPCDADWLGMLVVKKAKGSDMIVPGPSYKGKVFFERPTFDGYVGWGCGSGKSRTESGELCSSDSGTSSGLLPSDRVLWIGDVACQPMTPIPEETFLELKSFSQSEFPDICKIDGIVFNQCEGESLPQPFDVAWMDVGHSHKIIMREHKTKWVQESSSKDFVCYKEGTGPCSESEEKTCKTSGSCRGDMQFCKVAGCEHGEEASEAKCRCSLVHKPGEVVVSYGGMRVRPKCYGFSRMMATLEV;QVQLVQSGGALVKPGGSLRLSCAGSGLTLSNAWMTWVRQGPGKGLEWVGRMKSKFAGGATDYAAAVKGRFTISRGDSENTVYLQMNSLKTEDTAVYYCTTDRWEVDYDYTWWTYHRNMGDYWGQGTLVTVSS
Gn_1c5_complex,PIICAGPIHSNKSADIPHLLGYSEKICQIDRLIHVSSWLRNHSQFQGYVGQRGGRSQVSYYPAENSYSRWSGLLSPCDADWLGMLVVKKAKGSDMIVPGPSYKGKVFFERPTFDGYVGWGCGSGKSRTESGELCSSDSGTSSGLLPSDRVLWIGDVACQPMTPIPEETFLELKSFSQSEFPDICKIDGIVFNQCEGESLPQPFDVAWMDVGHSHKIIMREHKTKWVQESSSKDFVCYKEGTGPCSESEEKTCKTSGSCRGDMQFCKVAGCEHGEEASEAKCRCSLVHKPGEVVVSYGGMRVRPKCYGFSRMMATLEV;QVQLVQSGGALVKPGGSLRLSCAGSGLTLSNAWMTWVRQGPGKGLEWVGRMKSKFAGGATDYAAAVKGRFTISRGDSENTVYLQMNSLKTEDTAVYYCTTDRWEVDYDYTWYTYHRNMGDYWGQGTLVTVSS
Gn_1c5_complex,PIICAGPIHSNKSADIPHLLGYSEKICQIDRLIHVSSWLRNHSQFQGYVGQRGGRSQVSYYPAENSYSRWSGLLSPCDADWLGMLVVKKAKGSDMIVPGPSYKGKVFFERPTFDGYVGWGCGSGKSRTESGELCSSDSGTSSGLLPSDRVLWIGDVACQPMTPIPEETFLELKSFSQSEFPDICKIDGIVFNQCEGESLPQPFDVAWMDVGHSHKIIMREHKTKWVQESSSKDFVCYKEGTGPCSESEEKTCKTSGSCRGDMQFCKVAGCEHGEEASEAKCRCSLVHKPGEVVVSYGGMRVRPKCYGFSRMMATLEV;QVQLVQSGGALVKPGGSLRLSCAGSGLTLSNAWMTWVRQGPGKGLEWVGRMKSKFAGGATDYAAAVKGRFTISRGDSENTVYLQMNSLKTEDTAVYYCTTDRWEVDYDYTWGAYHRNMGDYWGQGTLVTVSS
Gn_1c5_complex,PIICAGPIHSNKSADIPHLLGYSEKICQIDRLIHVSSWLRNHSQFQGYVGQRGGRSQVSYYPAENSYSRWSGLLSPCDADWLGMLVVKKAKGSDMIVPGPSYKGKVFFERPTFDGYVGWGCGSGKSRTESGELCSSDSGTSSGLLPSDRVLWIGDVACQPMTPIPEETFLELKSFSQSEFPDICKIDGIVFNQCEGESLPQPFDVAWMDVGHSHKIIMREHKTKWVQESSSKDFVCYKEGTGPCSESEEKTCKTSGSCRGDMQFCKVAGCEHGEEASEAKCRCSLVHKPGEVVVSYGGMRVRPKCYGFSRMMATLEV;QVQLVQSGGALVKPGGSLRLSCAGSGLTLSNAWMTWVRQGPGKGLEWVGRMKSKFAGGATDYAAAVKGRFTISRGDSENTVYLQMNSLKTEDTAVYYCTTDRWEVDYDYTWGCYHRNMGDYWGQGTLVTVSS
Gn_1c5_complex,PIICAGPIHSNKSADIPHLLGYSEKICQIDRLIHVSSWLRNHSQFQGYVGQRGGRSQVSYYPAENSYSRWSGLLSPCDADWLGMLVVKKAKGSDMIVPGPSYKGKVFFERPTFDGYVGWGCGSGKSRTESGELCSSDSGTSSGLLPSDRVLWIGDVACQPMTPIPEETFLELKSFSQSEFPDICKIDGIVFNQCEGESLPQPFDVAWMDVGHSHKIIMREHKTKWVQESSSKDFVCYKEGTGPCSESEEKTCKTSGSCRGDMQFCKVAGCEHGEEASEAKCRCSLVHKPGEVVVSYGGMRVRPKCYGFSRMMATLEV;QVQLVQSGGALVKPGGSLRLSCAGSGLTLSNAWMTWVRQGPGKGLEWVGRMKSKFAGGATDYAAAVKGRFTISRGDSENTVYLQMNSLKTEDTAVYYCTTDRWEVDYDYTWGDYHRNMGDYWGQGTLVTVSS
Gn_1c5_complex,PIICAGPIHSNKSADIPHLLGYSEKICQIDRLIHVSSWLRNHSQFQGYVGQRGGRSQVSYYPAENSYSRWSGLLSPCDADWLGMLVVKKAKGSDMIVPGPSYKGKVFFERPTFDGYVGWGCGSGKSRTESGELCSSDSGTSSGLLPSDRVLWIGDVACQPMTPIPEETFLELKSFSQSEFPDICKIDGIVFNQCEGESLPQPFDVAWMDVGHSHKIIMREHKTKWVQESSSKDFVCYKEGTGPCSESEEKTCKTSGSCRGDMQFCKVAGCEHGEEASEAKCRCSLVHKPGEVVVSYGGMRVRPKCYGFSRMMATLEV;QVQLVQSGGALVKPGGSLRLSCAGSGLTLSNAWMTWVRQGPGKGLEWVGRMKSKFAGGATDYAAAVKGRFTISRGDSENTVYLQMNSLKTEDTAVYYCTTDRWEVDYDYTWGEYHRNMGDYWGQGTLVTVSS
Gn_1c5_complex,PIICAGPIHSNKSADIPHLLGYSEKICQIDRLIHVSSWLRNHSQFQGYVGQRGGRSQVSYYPAENSYSRWSGLLSPCDADWLGMLVVKKAKGSDMIVPGPSYKGKVFFERPTFDGYVGWGCGSGKSRTESGELCSSDSGTSSGLLPSDRVLWIGDVACQPMTPIPEETFLELKSFSQSEFPDICKIDGIVFNQCEGESLPQPFDVAWMDVGHSHKIIMREHKTKWVQESSSKDFVCYKEGTGPCSESEEKTCKTSGSCRGDMQFCKVAGCEHGEEASEAKCRCSLVHKPGEVVVSYGGMRVRPKCYGFSRMMATLEV;QVQLVQSGGALVKPGGSLRLSCAGSGLTLSNAWMTWVRQGPGKGLEWVGRMKSKFAGGATDYAAAVKGRFTISRGDSENTVYLQMNSLKTEDTAVYYCTTDRWEVDYDYTWGFYHRNMGDYWGQGTLVTVSS
Gn_1c5_complex,PIICAGPIHSNKSADIPHLLGYSEKICQIDRLIHVSSWLRNHSQFQGYVGQRGGRSQVSYYPAENSYSRWSGLLSPCDADWLGMLVVKKAKGSDMIVPGPSYKGKVFFERPTFDGYVGWGCGSGKSRTESGELCSSDSGTSSGLLPSDRVLWIGDVACQPMTPIPEETFLELKSFSQSEFPDICKIDGIVFNQCEGESLPQPFDVAWMDVGHSHKIIMREHKTKWVQESSSKDFVCYKEGTGPCSESEEKTCKTSGSCRGDMQFCKVAGCEHGEEASEAKCRCSLVHKPGEVVVSYGGMRVRPKCYGFSRMMATLEV;QVQLVQSGGALVKPGGSLRLSCAGSGLTLSNAWMTWVRQGPGKGLEWVGRMKSKFAGGATDYAAAVKGRFTISRGDSENTVYLQMNSLKTEDTAVYYCTTDRWEVDYDYTWGGYHRNMGDYWGQGTLVTVSS
Gn_1c5_complex,PIICAGPIHSNKSADIPHLLGYSEKICQIDRLIHVSSWLRNHSQFQGYVGQRGGRSQVSYYPAENSYSRWSGLLSPCDADWLGMLVVKKAKGSDMIVPGPSYKGKVFFERPTFDGYVGWGCGSGKSRTESGELCSSDSGTSSGLLPSDRVLWIGDVACQPMTPIPEETFLELKSFSQSEFPDICKIDGIVFNQCEGESLPQPFDVAWMDVGHSHKIIMREHKTKWVQESSSKDFVCYKEGTGPCSESEEKTCKTSGSCRGDMQFCKVAGCEHGEEASEAKCRCSLVHKPGEVVVSYGGMRVRPKCYGFSRMMATLEV;QVQLVQSGGALVKPGGSLRLSCAGSGLTLSNAWMTWVRQGPGKGLEWVGRMKSKFAGGATDYAAAVKGRFTISRGDSENTVYLQMNSLKTEDTAVYYCTTDRWEVDYDYTWGHYHRNMGDYWGQGTLVTVSS
Gn_1c5_complex,PIICAGPIHSNKSADIPHLLGYSEKICQIDRLIHVSSWLRNHSQFQGYVGQRGGRSQVSYYPAENSYSRWSGLLSPCDADWLGMLVVKKAKGSDMIVPGPSYKGKVFFERPTFDGYVGWGCGSGKSRTESGELCSSDSGTSSGLLPSDRVLWIGDVACQPMTPIPEETFLELKSFSQSEFPDICKIDGIVFNQCEGESLPQPFDVAWMDVGHSHKIIMREHKTKWVQESSSKDFVCYKEGTGPCSESEEKTCKTSGSCRGDMQFCKVAGCEHGEEASEAKCRCSLVHKPGEVVVSYGGMRVRPKCYGFSRMMATLEV;QVQLVQSGGALVKPGGSLRLSCAGSGLTLSNAWMTWVRQGPGKGLEWVGRMKSKFAGGATDYAAAVKGRFTISRGDSENTVYLQMNSLKTEDTAVYYCTTDRWEVDYDYTWGIYHRNMGDYWGQGTLVTVSS
Gn_1c5_complex,PIICAGPIHSNKSADIPHLLGYSEKICQIDRLIHVSSWLRNHSQFQGYVGQRGGRSQVSYYPAENSYSRWSGLLSPCDADWLGMLVVKKAKGSDMIVPGPSYKGKVFFERPTFDGYVGWGCGSGKSRTESGELCSSDSGTSSGLLPSDRVLWIGDVACQPMTPIPEETFLELKSFSQSEFPDICKIDGIVFNQCEGESLPQPFDVAWMDVGHSHKIIMREHKTKWVQESSSKDFVCYKEGTGPCSESEEKTCKTSGSCRGDMQFCKVAGCEHGEEASEAKCRCSLVHKPGEVVVSYGGMRVRPKCYGFSRMMATLEV;QVQLVQSGGALVKPGGSLRLSCAGSGLTLSNAWMTWVRQGPGKGLEWVGRMKSKFAGGATDYAAAVKGRFTISRGDSENTVYLQMNSLKTEDTAVYYCTTDRWEVDYDYTWGKYHRNMGDYWGQGTLVTVSS
Gn_1c5_complex,PIICAGPIHSNKSADIPHLLGYSEKICQIDRLIHVSSWLRNHSQFQGYVGQRGGRSQVSYYPAENSYSRWSGLLSPCDADWLGMLVVKKAKGSDMIVPGPSYKGKVFFERPTFDGYVGWGCGSGKSRTESGELCSSDSGTSSGLLPSDRVLWIGDVACQPMTPIPEETFLELKSFSQSEFPDICKIDGIVFNQCEGESLPQPFDVAWMDVGHSHKIIMREHKTKWVQESSSKDFVCYKEGTGPCSESEEKTCKTSGSCRGDMQFCKVAGCEHGEEASEAKCRCSLVHKPGEVVVSYGGMRVRPKCYGFSRMMATLEV;QVQLVQSGGALVKPGGSLRLSCAGSGLTLSNAWMTWVRQGPGKGLEWVGRMKSKFAGGATDYAAAVKGRFTISRGDSENTVYLQMNSLKTEDTAVYYCTTDRWEVDYDYTWGLYHRNMGDYWGQGTLVTVSS
Gn_1c5_complex,PIICAGPIHSNKSADIPHLLGYSEKICQIDRLIHVSSWLRNHSQFQGYVGQRGGRSQVSYYPAENSYSRWSGLLSPCDADWLGMLVVKKAKGSDMIVPGPSYKGKVFFERPTFDGYVGWGCGSGKSRTESGELCSSDSGTSSGLLPSDRVLWIGDVACQPMTPIPEETFLELKSFSQSEFPDICKIDGIVFNQCEGESLPQPFDVAWMDVGHSHKIIMREHKTKWVQESSSKDFVCYKEGTGPCSESEEKTCKTSGSCRGDMQFCKVAGCEHGEEASEAKCRCSLVHKPGEVVVSYGGMRVRPKCYGFSRMMATLEV;QVQLVQSGGALVKPGGSLRLSCAGSGLTLSNAWMTWVRQGPGKGLEWVGRMKSKFAGGATDYAAAVKGRFTISRGDSENTVYLQMNSLKTEDTAVYYCTTDRWEVDYDYTWGMYHRNMGDYWGQGTLVTVSS
Gn_1c5_complex,PIICAGPIHSNKSADIPHLLGYSEKICQIDRLIHVSSWLRNHSQFQGYVGQRGGRSQVSYYPAENSYSRWSGLLSPCDADWLGMLVVKKAKGSDMIVPGPSYKGKVFFERPTFDGYVGWGCGSGKSRTESGELCSSDSGTSSGLLPSDRVLWIGDVACQPMTPIPEETFLELKSFSQSEFPDICKIDGIVFNQCEGESLPQPFDVAWMDVGHSHKIIMREHKTKWVQESSSKDFVCYKEGTGPCSESEEKTCKTSGSCRGDMQFCKVAGCEHGEEASEAKCRCSLVHKPGEVVVSYGGMRVRPKCYGFSRMMATLEV;QVQLVQSGGALVKPGGSLRLSCAGSGLTLSNAWMTWVRQGPGKGLEWVGRMKSKFAGGATDYAAAVKGRFTISRGDSENTVYLQMNSLKTEDTAVYYCTTDRWEVDYDYTWGNYHRNMGDYWGQGTLVTVSS
Gn_1c5_complex,PIICAGPIHSNKSADIPHLLGYSEKICQIDRLIHVSSWLRNHSQFQGYVGQRGGRSQVSYYPAENSYSRWSGLLSPCDADWLGMLVVKKAKGSDMIVPGPSYKGKVFFERPTFDGYVGWGCGSGKSRTESGELCSSDSGTSSGLLPSDRVLWIGDVACQPMTPIPEETFLELKSFSQSEFPDICKIDGIVFNQCEGESLPQPFDVAWMDVGHSHKIIMREHKTKWVQESSSKDFVCYKEGTGPCSESEEKTCKTSGSCRGDMQFCKVAGCEHGEEASEAKCRCSLVHKPGEVVVSYGGMRVRPKCYGFSRMMATLEV;QVQLVQSGGALVKPGGSLRLSCAGSGLTLSNAWMTWVRQGPGKGLEWVGRMKSKFAGGATDYAAAVKGRFTISRGDSENTVYLQMNSLKTEDTAVYYCTTDRWEVDYDYTWGPYHRNMGDYWGQGTLVTVSS
Gn_1c5_complex,PIICAGPIHSNKSADIPHLLGYSEKICQIDRLIHVSSWLRNHSQFQGYVGQRGGRSQVSYYPAENSYSRWSGLLSPCDADWLGMLVVKKAKGSDMIVPGPSYKGKVFFERPTFDGYVGWGCGSGKSRTESGELCSSDSGTSSGLLPSDRVLWIGDVACQPMTPIPEETFLELKSFSQSEFPDICKIDGIVFNQCEGESLPQPFDVAWMDVGHSHKIIMREHKTKWVQESSSKDFVCYKEGTGPCSESEEKTCKTSGSCRGDMQFCKVAGCEHGEEASEAKCRCSLVHKPGEVVVSYGGMRVRPKCYGFSRMMATLEV;QVQLVQSGGALVKPGGSLRLSCAGSGLTLSNAWMTWVRQGPGKGLEWVGRMKSKFAGGATDYAAAVKGRFTISRGDSENTVYLQMNSLKTEDTAVYYCTTDRWEVDYDYTWGQYHRNMGDYWGQGTLVTVSS
Gn_1c5_complex,PIICAGPIHSNKSADIPHLLGYSEKICQIDRLIHVSSWLRNHSQFQGYVGQRGGRSQVSYYPAENSYSRWSGLLSPCDADWLGMLVVKKAKGSDMIVPGPSYKGKVFFERPTFDGYVGWGCGSGKSRTESGELCSSDSGTSSGLLPSDRVLWIGDVACQPMTPIPEETFLELKSFSQSEFPDICKIDGIVFNQCEGESLPQPFDVAWMDVGHSHKIIMREHKTKWVQESSSKDFVCYKEGTGPCSESEEKTCKTSGSCRGDMQFCKVAGCEHGEEASEAKCRCSLVHKPGEVVVSYGGMRVRPKCYGFSRMMATLEV;QVQLVQSGGALVKPGGSLRLSCAGSGLTLSNAWMTWVRQGPGKGLEWVGRMKSKFAGGATDYAAAVKGRFTISRGDSENTVYLQMNSLKTEDTAVYYCTTDRWEVDYDYTWGRYHRNMGDYWGQGTLVTVSS
Gn_1c5_complex,PIICAGPIHSNKSADIPHLLGYSEKICQIDRLIHVSSWLRNHSQFQGYVGQRGGRSQVSYYPAENSYSRWSGLLSPCDADWLGMLVVKKAKGSDMIVPGPSYKGKVFFERPTFDGYVGWGCGSGKSRTESGELCSSDSGTSSGLLPSDRVLWIGDVACQPMTPIPEETFLELKSFSQSEFPDICKIDGIVFNQCEGESLPQPFDVAWMDVGHSHKIIMREHKTKWVQESSSKDFVCYKEGTGPCSESEEKTCKTSGSCRGDMQFCKVAGCEHGEEASEAKCRCSLVHKPGEVVVSYGGMRVRPKCYGFSRMMATLEV;QVQLVQSGGALVKPGGSLRLSCAGSGLTLSNAWMTWVRQGPGKGLEWVGRMKSKFAGGATDYAAAVKGRFTISRGDSENTVYLQMNSLKTEDTAVYYCTTDRWEVDYDYTWGSYHRNMGDYWGQGTLVTVSS
Gn_1c5_complex,PIICAGPIHSNKSADIPHLLGYSEKICQIDRLIHVSSWLRNHSQFQGYVGQRGGRSQVSYYPAENSYSRWSGLLSPCDADWLGMLVVKKAKGSDMIVPGPSYKGKVFFERPTFDGYVGWGCGSGKSRTESGELCSSDSGTSSGLLPSDRVLWIGDVACQPMTPIPEETFLELKSFSQSEFPDICKIDGIVFNQCEGESLPQPFDVAWMDVGHSHKIIMREHKTKWVQESSSKDFVCYKEGTGPCSESEEKTCKTSGSCRGDMQFCKVAGCEHGEEASEAKCRCSLVHKPGEVVVSYGGMRVRPKCYGFSRMMATLEV;QVQLVQSGGALVKPGGSLRLSCAGSGLTLSNAWMTWVRQGPGKGLEWVGRMKSKFAGGATDYAAAVKGRFTISRGDSENTVYLQMNSLKTEDTAVYYCTTDRWEVDYDYTWGVYHRNMGDYWGQGTLVTVSS
Gn_1c5_complex,PIICAGPIHSNKSADIPHLLGYSEKICQIDRLIHVSSWLRNHSQFQGYVGQRGGRSQVSYYPAENSYSRWSGLLSPCDADWLGMLVVKKAKGSDMIVPGPSYKGKVFFERPTFDGYVGWGCGSGKSRTESGELCSSDSGTSSGLLPSDRVLWIGDVACQPMTPIPEETFLELKSFSQSEFPDICKIDGIVFNQCEGESLPQPFDVAWMDVGHSHKIIMREHKTKWVQESSSKDFVCYKEGTGPCSESEEKTCKTSGSCRGDMQFCKVAGCEHGEEASEAKCRCSLVHKPGEVVVSYGGMRVRPKCYGFSRMMATLEV;QVQLVQSGGALVKPGGSLRLSCAGSGLTLSNAWMTWVRQGPGKGLEWVGRMKSKFAGGATDYAAAVKGRFTISRGDSENTVYLQMNSLKTEDTAVYYCTTDRWEVDYDYTWGWYHRNMGDYWGQGTLVTVSS
Gn_1c5_complex,PIICAGPIHSNKSADIPHLLGYSEKICQIDRLIHVSSWLRNHSQFQGYVGQRGGRSQVSYYPAENSYSRWSGLLSPCDADWLGMLVVKKAKGSDMIVPGPSYKGKVFFERPTFDGYVGWGCGSGKSRTESGELCSSDSGTSSGLLPSDRVLWIGDVACQPMTPIPEETFLELKSFSQSEFPDICKIDGIVFNQCEGESLPQPFDVAWMDVGHSHKIIMREHKTKWVQESSSKDFVCYKEGTGPCSESEEKTCKTSGSCRGDMQFCKVAGCEHGEEASEAKCRCSLVHKPGEVVVSYGGMRVRPKCYGFSRMMATLEV;QVQLVQSGGALVKPGGSLRLSCAGSGLTLSNAWMTWVRQGPGKGLEWVGRMKSKFAGGATDYAAAVKGRFTISRGDSENTVYLQMNSLKTEDTAVYYCTTDRWEVDYDYTWGYYHRNMGDYWGQGTLVTVSS
Gn_1c5_complex,PIICAGPIHSNKSADIPHLLGYSEKICQIDRLIHVSSWLRNHSQFQGYVGQRGGRSQVSYYPAENSYSRWSGLLSPCDADWLGMLVVKKAKGSDMIVPGPSYKGKVFFERPTFDGYVGWGCGSGKSRTESGELCSSDSGTSSGLLPSDRVLWIGDVACQPMTPIPEETFLELKSFSQSEFPDICKIDGIVFNQCEGESLPQPFDVAWMDVGHSHKIIMREHKTKWVQESSSKDFVCYKEGTGPCSESEEKTCKTSGSCRGDMQFCKVAGCEHGEEASEAKCRCSLVHKPGEVVVSYGGMRVRPKCYGFSRMMATLEV;QVQLVQSGGALVKPGGSLRLSCAGSGLTLSNAWMTWVRQGPGKGLEWVGRMKSKFAGGATDYAAAVKGRFTISRGDSENTVYLQMNSLKTEDTAVYYCTTDRWEVDYDYTWGTAHRNMGDYWGQGTLVTVSS
Gn_1c5_complex,PIICAGPIHSNKSADIPHLLGYSEKICQIDRLIHVSSWLRNHSQFQGYVGQRGGRSQVSYYPAENSYSRWSGLLSPCDADWLGMLVVKKAKGSDMIVPGPSYKGKVFFERPTFDGYVGWGCGSGKSRTESGELCSSDSGTSSGLLPSDRVLWIGDVACQPMTPIPEETFLELKSFSQSEFPDICKIDGIVFNQCEGESLPQPFDVAWMDVGHSHKIIMREHKTKWVQESSSKDFVCYKEGTGPCSESEEKTCKTSGSCRGDMQFCKVAGCEHGEEASEAKCRCSLVHKPGEVVVSYGGMRVRPKCYGFSRMMATLEV;QVQLVQSGGALVKPGGSLRLSCAGSGLTLSNAWMTWVRQGPGKGLEWVGRMKSKFAGGATDYAAAVKGRFTISRGDSENTVYLQMNSLKTEDTAVYYCTTDRWEVDYDYTWGTCHRNMGDYWGQGTLVTVSS
Gn_1c5_complex,PIICAGPIHSNKSADIPHLLGYSEKICQIDRLIHVSSWLRNHSQFQGYVGQRGGRSQVSYYPAENSYSRWSGLLSPCDADWLGMLVVKKAKGSDMIVPGPSYKGKVFFERPTFDGYVGWGCGSGKSRTESGELCSSDSGTSSGLLPSDRVLWIGDVACQPMTPIPEETFLELKSFSQSEFPDICKIDGIVFNQCEGESLPQPFDVAWMDVGHSHKIIMREHKTKWVQESSSKDFVCYKEGTGPCSESEEKTCKTSGSCRGDMQFCKVAGCEHGEEASEAKCRCSLVHKPGEVVVSYGGMRVRPKCYGFSRMMATLEV;QVQLVQSGGALVKPGGSLRLSCAGSGLTLSNAWMTWVRQGPGKGLEWVGRMKSKFAGGATDYAAAVKGRFTISRGDSENTVYLQMNSLKTEDTAVYYCTTDRWEVDYDYTWGTDHRNMGDYWGQGTLVTVSS
Gn_1c5_complex,PIICAGPIHSNKSADIPHLLGYSEKICQIDRLIHVSSWLRNHSQFQGYVGQRGGRSQVSYYPAENSYSRWSGLLSPCDADWLGMLVVKKAKGSDMIVPGPSYKGKVFFERPTFDGYVGWGCGSGKSRTESGELCSSDSGTSSGLLPSDRVLWIGDVACQPMTPIPEETFLELKSFSQSEFPDICKIDGIVFNQCEGESLPQPFDVAWMDVGHSHKIIMREHKTKWVQESSSKDFVCYKEGTGPCSESEEKTCKTSGSCRGDMQFCKVAGCEHGEEASEAKCRCSLVHKPGEVVVSYGGMRVRPKCYGFSRMMATLEV;QVQLVQSGGALVKPGGSLRLSCAGSGLTLSNAWMTWVRQGPGKGLEWVGRMKSKFAGGATDYAAAVKGRFTISRGDSENTVYLQMNSLKTEDTAVYYCTTDRWEVDYDYTWGTEHRNMGDYWGQGTLVTVSS
Gn_1c5_complex,PIICAGPIHSNKSADIPHLLGYSEKICQIDRLIHVSSWLRNHSQFQGYVGQRGGRSQVSYYPAENSYSRWSGLLSPCDADWLGMLVVKKAKGSDMIVPGPSYKGKVFFERPTFDGYVGWGCGSGKSRTESGELCSSDSGTSSGLLPSDRVLWIGDVACQPMTPIPEETFLELKSFSQSEFPDICKIDGIVFNQCEGESLPQPFDVAWMDVGHSHKIIMREHKTKWVQESSSKDFVCYKEGTGPCSESEEKTCKTSGSCRGDMQFCKVAGCEHGEEASEAKCRCSLVHKPGEVVVSYGGMRVRPKCYGFSRMMATLEV;QVQLVQSGGALVKPGGSLRLSCAGSGLTLSNAWMTWVRQGPGKGLEWVGRMKSKFAGGATDYAAAVKGRFTISRGDSENTVYLQMNSLKTEDTAVYYCTTDRWEVDYDYTWGTFHRNMGDYWGQGTLVTVSS
Gn_1c5_complex,PIICAGPIHSNKSADIPHLLGYSEKICQIDRLIHVSSWLRNHSQFQGYVGQRGGRSQVSYYPAENSYSRWSGLLSPCDADWLGMLVVKKAKGSDMIVPGPSYKGKVFFERPTFDGYVGWGCGSGKSRTESGELCSSDSGTSSGLLPSDRVLWIGDVACQPMTPIPEETFLELKSFSQSEFPDICKIDGIVFNQCEGESLPQPFDVAWMDVGHSHKIIMREHKTKWVQESSSKDFVCYKEGTGPCSESEEKTCKTSGSCRGDMQFCKVAGCEHGEEASEAKCRCSLVHKPGEVVVSYGGMRVRPKCYGFSRMMATLEV;QVQLVQSGGALVKPGGSLRLSCAGSGLTLSNAWMTWVRQGPGKGLEWVGRMKSKFAGGATDYAAAVKGRFTISRGDSENTVYLQMNSLKTEDTAVYYCTTDRWEVDYDYTWGTGHRNMGDYWGQGTLVTVSS
Gn_1c5_complex,PIICAGPIHSNKSADIPHLLGYSEKICQIDRLIHVSSWLRNHSQFQGYVGQRGGRSQVSYYPAENSYSRWSGLLSPCDADWLGMLVVKKAKGSDMIVPGPSYKGKVFFERPTFDGYVGWGCGSGKSRTESGELCSSDSGTSSGLLPSDRVLWIGDVACQPMTPIPEETFLELKSFSQSEFPDICKIDGIVFNQCEGESLPQPFDVAWMDVGHSHKIIMREHKTKWVQESSSKDFVCYKEGTGPCSESEEKTCKTSGSCRGDMQFCKVAGCEHGEEASEAKCRCSLVHKPGEVVVSYGGMRVRPKCYGFSRMMATLEV;QVQLVQSGGALVKPGGSLRLSCAGSGLTLSNAWMTWVRQGPGKGLEWVGRMKSKFAGGATDYAAAVKGRFTISRGDSENTVYLQMNSLKTEDTAVYYCTTDRWEVDYDYTWGTHHRNMGDYWGQGTLVTVSS
Gn_1c5_complex,PIICAGPIHSNKSADIPHLLGYSEKICQIDRLIHVSSWLRNHSQFQGYVGQRGGRSQVSYYPAENSYSRWSGLLSPCDADWLGMLVVKKAKGSDMIVPGPSYKGKVFFERPTFDGYVGWGCGSGKSRTESGELCSSDSGTSSGLLPSDRVLWIGDVACQPMTPIPEETFLELKSFSQSEFPDICKIDGIVFNQCEGESLPQPFDVAWMDVGHSHKIIMREHKTKWVQESSSKDFVCYKEGTGPCSESEEKTCKTSGSCRGDMQFCKVAGCEHGEEASEAKCRCSLVHKPGEVVVSYGGMRVRPKCYGFSRMMATLEV;QVQLVQSGGALVKPGGSLRLSCAGSGLTLSNAWMTWVRQGPGKGLEWVGRMKSKFAGGATDYAAAVKGRFTISRGDSENTVYLQMNSLKTEDTAVYYCTTDRWEVDYDYTWGTIHRNMGDYWGQGTLVTVSS
Gn_1c5_complex,PIICAGPIHSNKSADIPHLLGYSEKICQIDRLIHVSSWLRNHSQFQGYVGQRGGRSQVSYYPAENSYSRWSGLLSPCDADWLGMLVVKKAKGSDMIVPGPSYKGKVFFERPTFDGYVGWGCGSGKSRTESGELCSSDSGTSSGLLPSDRVLWIGDVACQPMTPIPEETFLELKSFSQSEFPDICKIDGIVFNQCEGESLPQPFDVAWMDVGHSHKIIMREHKTKWVQESSSKDFVCYKEGTGPCSESEEKTCKTSGSCRGDMQFCKVAGCEHGEEASEAKCRCSLVHKPGEVVVSYGGMRVRPKCYGFSRMMATLEV;QVQLVQSGGALVKPGGSLRLSCAGSGLTLSNAWMTWVRQGPGKGLEWVGRMKSKFAGGATDYAAAVKGRFTISRGDSENTVYLQMNSLKTEDTAVYYCTTDRWEVDYDYTWGTKHRNMGDYWGQGTLVTVSS
Gn_1c5_complex,PIICAGPIHSNKSADIPHLLGYSEKICQIDRLIHVSSWLRNHSQFQGYVGQRGGRSQVSYYPAENSYSRWSGLLSPCDADWLGMLVVKKAKGSDMIVPGPSYKGKVFFERPTFDGYVGWGCGSGKSRTESGELCSSDSGTSSGLLPSDRVLWIGDVACQPMTPIPEETFLELKSFSQSEFPDICKIDGIVFNQCEGESLPQPFDVAWMDVGHSHKIIMREHKTKWVQESSSKDFVCYKEGTGPCSESEEKTCKTSGSCRGDMQFCKVAGCEHGEEASEAKCRCSLVHKPGEVVVSYGGMRVRPKCYGFSRMMATLEV;QVQLVQSGGALVKPGGSLRLSCAGSGLTLSNAWMTWVRQGPGKGLEWVGRMKSKFAGGATDYAAAVKGRFTISRGDSENTVYLQMNSLKTEDTAVYYCTTDRWEVDYDYTWGTLHRNMGDYWGQGTLVTVSS
Gn_1c5_complex,PIICAGPIHSNKSADIPHLLGYSEKICQIDRLIHVSSWLRNHSQFQGYVGQRGGRSQVSYYPAENSYSRWSGLLSPCDADWLGMLVVKKAKGSDMIVPGPSYKGKVFFERPTFDGYVGWGCGSGKSRTESGELCSSDSGTSSGLLPSDRVLWIGDVACQPMTPIPEETFLELKSFSQSEFPDICKIDGIVFNQCEGESLPQPFDVAWMDVGHSHKIIMREHKTKWVQESSSKDFVCYKEGTGPCSESEEKTCKTSGSCRGDMQFCKVAGCEHGEEASEAKCRCSLVHKPGEVVVSYGGMRVRPKCYGFSRMMATLEV;QVQLVQSGGALVKPGGSLRLSCAGSGLTLSNAWMTWVRQGPGKGLEWVGRMKSKFAGGATDYAAAVKGRFTISRGDSENTVYLQMNSLKTEDTAVYYCTTDRWEVDYDYTWGTMHRNMGDYWGQGTLVTVSS
Gn_1c5_complex,PIICAGPIHSNKSADIPHLLGYSEKICQIDRLIHVSSWLRNHSQFQGYVGQRGGRSQVSYYPAENSYSRWSGLLSPCDADWLGMLVVKKAKGSDMIVPGPSYKGKVFFERPTFDGYVGWGCGSGKSRTESGELCSSDSGTSSGLLPSDRVLWIGDVACQPMTPIPEETFLELKSFSQSEFPDICKIDGIVFNQCEGESLPQPFDVAWMDVGHSHKIIMREHKTKWVQESSSKDFVCYKEGTGPCSESEEKTCKTSGSCRGDMQFCKVAGCEHGEEASEAKCRCSLVHKPGEVVVSYGGMRVRPKCYGFSRMMATLEV;QVQLVQSGGALVKPGGSLRLSCAGSGLTLSNAWMTWVRQGPGKGLEWVGRMKSKFAGGATDYAAAVKGRFTISRGDSENTVYLQMNSLKTEDTAVYYCTTDRWEVDYDYTWGTNHRNMGDYWGQGTLVTVSS
Gn_1c5_complex,PIICAGPIHSNKSADIPHLLGYSEKICQIDRLIHVSSWLRNHSQFQGYVGQRGGRSQVSYYPAENSYSRWSGLLSPCDADWLGMLVVKKAKGSDMIVPGPSYKGKVFFERPTFDGYVGWGCGSGKSRTESGELCSSDSGTSSGLLPSDRVLWIGDVACQPMTPIPEETFLELKSFSQSEFPDICKIDGIVFNQCEGESLPQPFDVAWMDVGHSHKIIMREHKTKWVQESSSKDFVCYKEGTGPCSESEEKTCKTSGSCRGDMQFCKVAGCEHGEEASEAKCRCSLVHKPGEVVVSYGGMRVRPKCYGFSRMMATLEV;QVQLVQSGGALVKPGGSLRLSCAGSGLTLSNAWMTWVRQGPGKGLEWVGRMKSKFAGGATDYAAAVKGRFTISRGDSENTVYLQMNSLKTEDTAVYYCTTDRWEVDYDYTWGTPHRNMGDYWGQGTLVTVSS
Gn_1c5_complex,PIICAGPIHSNKSADIPHLLGYSEKICQIDRLIHVSSWLRNHSQFQGYVGQRGGRSQVSYYPAENSYSRWSGLLSPCDADWLGMLVVKKAKGSDMIVPGPSYKGKVFFERPTFDGYVGWGCGSGKSRTESGELCSSDSGTSSGLLPSDRVLWIGDVACQPMTPIPEETFLELKSFSQSEFPDICKIDGIVFNQCEGESLPQPFDVAWMDVGHSHKIIMREHKTKWVQESSSKDFVCYKEGTGPCSESEEKTCKTSGSCRGDMQFCKVAGCEHGEEASEAKCRCSLVHKPGEVVVSYGGMRVRPKCYGFSRMMATLEV;QVQLVQSGGALVKPGGSLRLSCAGSGLTLSNAWMTWVRQGPGKGLEWVGRMKSKFAGGATDYAAAVKGRFTISRGDSENTVYLQMNSLKTEDTAVYYCTTDRWEVDYDYTWGTQHRNMGDYWGQGTLVTVSS
Gn_1c5_complex,PIICAGPIHSNKSADIPHLLGYSEKICQIDRLIHVSSWLRNHSQFQGYVGQRGGRSQVSYYPAENSYSRWSGLLSPCDADWLGMLVVKKAKGSDMIVPGPSYKGKVFFERPTFDGYVGWGCGSGKSRTESGELCSSDSGTSSGLLPSDRVLWIGDVACQPMTPIPEETFLELKSFSQSEFPDICKIDGIVFNQCEGESLPQPFDVAWMDVGHSHKIIMREHKTKWVQESSSKDFVCYKEGTGPCSESEEKTCKTSGSCRGDMQFCKVAGCEHGEEASEAKCRCSLVHKPGEVVVSYGGMRVRPKCYGFSRMMATLEV;QVQLVQSGGALVKPGGSLRLSCAGSGLTLSNAWMTWVRQGPGKGLEWVGRMKSKFAGGATDYAAAVKGRFTISRGDSENTVYLQMNSLKTEDTAVYYCTTDRWEVDYDYTWGTRHRNMGDYWGQGTLVTVSS
Gn_1c5_complex,PIICAGPIHSNKSADIPHLLGYSEKICQIDRLIHVSSWLRNHSQFQGYVGQRGGRSQVSYYPAENSYSRWSGLLSPCDADWLGMLVVKKAKGSDMIVPGPSYKGKVFFERPTFDGYVGWGCGSGKSRTESGELCSSDSGTSSGLLPSDRVLWIGDVACQPMTPIPEETFLELKSFSQSEFPDICKIDGIVFNQCEGESLPQPFDVAWMDVGHSHKIIMREHKTKWVQESSSKDFVCYKEGTGPCSESEEKTCKTSGSCRGDMQFCKVAGCEHGEEASEAKCRCSLVHKPGEVVVSYGGMRVRPKCYGFSRMMATLEV;QVQLVQSGGALVKPGGSLRLSCAGSGLTLSNAWMTWVRQGPGKGLEWVGRMKSKFAGGATDYAAAVKGRFTISRGDSENTVYLQMNSLKTEDTAVYYCTTDRWEVDYDYTWGTSHRNMGDYWGQGTLVTVSS
Gn_1c5_complex,PIICAGPIHSNKSADIPHLLGYSEKICQIDRLIHVSSWLRNHSQFQGYVGQRGGRSQVSYYPAENSYSRWSGLLSPCDADWLGMLVVKKAKGSDMIVPGPSYKGKVFFERPTFDGYVGWGCGSGKSRTESGELCSSDSGTSSGLLPSDRVLWIGDVACQPMTPIPEETFLELKSFSQSEFPDICKIDGIVFNQCEGESLPQPFDVAWMDVGHSHKIIMREHKTKWVQESSSKDFVCYKEGTGPCSESEEKTCKTSGSCRGDMQFCKVAGCEHGEEASEAKCRCSLVHKPGEVVVSYGGMRVRPKCYGFSRMMATLEV;QVQLVQSGGALVKPGGSLRLSCAGSGLTLSNAWMTWVRQGPGKGLEWVGRMKSKFAGGATDYAAAVKGRFTISRGDSENTVYLQMNSLKTEDTAVYYCTTDRWEVDYDYTWGTTHRNMGDYWGQGTLVTVSS
Gn_1c5_complex,PIICAGPIHSNKSADIPHLLGYSEKICQIDRLIHVSSWLRNHSQFQGYVGQRGGRSQVSYYPAENSYSRWSGLLSPCDADWLGMLVVKKAKGSDMIVPGPSYKGKVFFERPTFDGYVGWGCGSGKSRTESGELCSSDSGTSSGLLPSDRVLWIGDVACQPMTPIPEETFLELKSFSQSEFPDICKIDGIVFNQCEGESLPQPFDVAWMDVGHSHKIIMREHKTKWVQESSSKDFVCYKEGTGPCSESEEKTCKTSGSCRGDMQFCKVAGCEHGEEASEAKCRCSLVHKPGEVVVSYGGMRVRPKCYGFSRMMATLEV;QVQLVQSGGALVKPGGSLRLSCAGSGLTLSNAWMTWVRQGPGKGLEWVGRMKSKFAGGATDYAAAVKGRFTISRGDSENTVYLQMNSLKTEDTAVYYCTTDRWEVDYDYTWGTVHRNMGDYWGQGTLVTVSS
Gn_1c5_complex,PIICAGPIHSNKSADIPHLLGYSEKICQIDRLIHVSSWLRNHSQFQGYVGQRGGRSQVSYYPAENSYSRWSGLLSPCDADWLGMLVVKKAKGSDMIVPGPSYKGKVFFERPTFDGYVGWGCGSGKSRTESGELCSSDSGTSSGLLPSDRVLWIGDVACQPMTPIPEETFLELKSFSQSEFPDICKIDGIVFNQCEGESLPQPFDVAWMDVGHSHKIIMREHKTKWVQESSSKDFVCYKEGTGPCSESEEKTCKTSGSCRGDMQFCKVAGCEHGEEASEAKCRCSLVHKPGEVVVSYGGMRVRPKCYGFSRMMATLEV;QVQLVQSGGALVKPGGSLRLSCAGSGLTLSNAWMTWVRQGPGKGLEWVGRMKSKFAGGATDYAAAVKGRFTISRGDSENTVYLQMNSLKTEDTAVYYCTTDRWEVDYDYTWGTWHRNMGDYWGQGTLVTVSS
Gn_1c5_complex,PIICAGPIHSNKSADIPHLLGYSEKICQIDRLIHVSSWLRNHSQFQGYVGQRGGRSQVSYYPAENSYSRWSGLLSPCDADWLGMLVVKKAKGSDMIVPGPSYKGKVFFERPTFDGYVGWGCGSGKSRTESGELCSSDSGTSSGLLPSDRVLWIGDVACQPMTPIPEETFLELKSFSQSEFPDICKIDGIVFNQCEGESLPQPFDVAWMDVGHSHKIIMREHKTKWVQESSSKDFVCYKEGTGPCSESEEKTCKTSGSCRGDMQFCKVAGCEHGEEASEAKCRCSLVHKPGEVVVSYGGMRVRPKCYGFSRMMATLEV;QVQLVQSGGALVKPGGSLRLSCAGSGLTLSNAWMTWVRQGPGKGLEWVGRMKSKFAGGATDYAAAVKGRFTISRGDSENTVYLQMNSLKTEDTAVYYCTTDRWEVDYDYTWGTYARNMGDYWGQGTLVTVSS
Gn_1c5_complex,PIICAGPIHSNKSADIPHLLGYSEKICQIDRLIHVSSWLRNHSQFQGYVGQRGGRSQVSYYPAENSYSRWSGLLSPCDADWLGMLVVKKAKGSDMIVPGPSYKGKVFFERPTFDGYVGWGCGSGKSRTESGELCSSDSGTSSGLLPSDRVLWIGDVACQPMTPIPEETFLELKSFSQSEFPDICKIDGIVFNQCEGESLPQPFDVAWMDVGHSHKIIMREHKTKWVQESSSKDFVCYKEGTGPCSESEEKTCKTSGSCRGDMQFCKVAGCEHGEEASEAKCRCSLVHKPGEVVVSYGGMRVRPKCYGFSRMMATLEV;QVQLVQSGGALVKPGGSLRLSCAGSGLTLSNAWMTWVRQGPGKGLEWVGRMKSKFAGGATDYAAAVKGRFTISRGDSENTVYLQMNSLKTEDTAVYYCTTDRWEVDYDYTWGTYCRNMGDYWGQGTLVTVSS
Gn_1c5_complex,PIICAGPIHSNKSADIPHLLGYSEKICQIDRLIHVSSWLRNHSQFQGYVGQRGGRSQVSYYPAENSYSRWSGLLSPCDADWLGMLVVKKAKGSDMIVPGPSYKGKVFFERPTFDGYVGWGCGSGKSRTESGELCSSDSGTSSGLLPSDRVLWIGDVACQPMTPIPEETFLELKSFSQSEFPDICKIDGIVFNQCEGESLPQPFDVAWMDVGHSHKIIMREHKTKWVQESSSKDFVCYKEGTGPCSESEEKTCKTSGSCRGDMQFCKVAGCEHGEEASEAKCRCSLVHKPGEVVVSYGGMRVRPKCYGFSRMMATLEV;QVQLVQSGGALVKPGGSLRLSCAGSGLTLSNAWMTWVRQGPGKGLEWVGRMKSKFAGGATDYAAAVKGRFTISRGDSENTVYLQMNSLKTEDTAVYYCTTDRWEVDYDYTWGTYDRNMGDYWGQGTLVTVSS
Gn_1c5_complex,PIICAGPIHSNKSADIPHLLGYSEKICQIDRLIHVSSWLRNHSQFQGYVGQRGGRSQVSYYPAENSYSRWSGLLSPCDADWLGMLVVKKAKGSDMIVPGPSYKGKVFFERPTFDGYVGWGCGSGKSRTESGELCSSDSGTSSGLLPSDRVLWIGDVACQPMTPIPEETFLELKSFSQSEFPDICKIDGIVFNQCEGESLPQPFDVAWMDVGHSHKIIMREHKTKWVQESSSKDFVCYKEGTGPCSESEEKTCKTSGSCRGDMQFCKVAGCEHGEEASEAKCRCSLVHKPGEVVVSYGGMRVRPKCYGFSRMMATLEV;QVQLVQSGGALVKPGGSLRLSCAGSGLTLSNAWMTWVRQGPGKGLEWVGRMKSKFAGGATDYAAAVKGRFTISRGDSENTVYLQMNSLKTEDTAVYYCTTDRWEVDYDYTWGTYERNMGDYWGQGTLVTVSS
Gn_1c5_complex,PIICAGPIHSNKSADIPHLLGYSEKICQIDRLIHVSSWLRNHSQFQGYVGQRGGRSQVSYYPAENSYSRWSGLLSPCDADWLGMLVVKKAKGSDMIVPGPSYKGKVFFERPTFDGYVGWGCGSGKSRTESGELCSSDSGTSSGLLPSDRVLWIGDVACQPMTPIPEETFLELKSFSQSEFPDICKIDGIVFNQCEGESLPQPFDVAWMDVGHSHKIIMREHKTKWVQESSSKDFVCYKEGTGPCSESEEKTCKTSGSCRGDMQFCKVAGCEHGEEASEAKCRCSLVHKPGEVVVSYGGMRVRPKCYGFSRMMATLEV;QVQLVQSGGALVKPGGSLRLSCAGSGLTLSNAWMTWVRQGPGKGLEWVGRMKSKFAGGATDYAAAVKGRFTISRGDSENTVYLQMNSLKTEDTAVYYCTTDRWEVDYDYTWGTYFRNMGDYWGQGTLVTVSS
Gn_1c5_complex,PIICAGPIHSNKSADIPHLLGYSEKICQIDRLIHVSSWLRNHSQFQGYVGQRGGRSQVSYYPAENSYSRWSGLLSPCDADWLGMLVVKKAKGSDMIVPGPSYKGKVFFERPTFDGYVGWGCGSGKSRTESGELCSSDSGTSSGLLPSDRVLWIGDVACQPMTPIPEETFLELKSFSQSEFPDICKIDGIVFNQCEGESLPQPFDVAWMDVGHSHKIIMREHKTKWVQESSSKDFVCYKEGTGPCSESEEKTCKTSGSCRGDMQFCKVAGCEHGEEASEAKCRCSLVHKPGEVVVSYGGMRVRPKCYGFSRMMATLEV;QVQLVQSGGALVKPGGSLRLSCAGSGLTLSNAWMTWVRQGPGKGLEWVGRMKSKFAGGATDYAAAVKGRFTISRGDSENTVYLQMNSLKTEDTAVYYCTTDRWEVDYDYTWGTYGRNMGDYWGQGTLVTVSS
Gn_1c5_complex,PIICAGPIHSNKSADIPHLLGYSEKICQIDRLIHVSSWLRNHSQFQGYVGQRGGRSQVSYYPAENSYSRWSGLLSPCDADWLGMLVVKKAKGSDMIVPGPSYKGKVFFERPTFDGYVGWGCGSGKSRTESGELCSSDSGTSSGLLPSDRVLWIGDVACQPMTPIPEETFLELKSFSQSEFPDICKIDGIVFNQCEGESLPQPFDVAWMDVGHSHKIIMREHKTKWVQESSSKDFVCYKEGTGPCSESEEKTCKTSGSCRGDMQFCKVAGCEHGEEASEAKCRCSLVHKPGEVVVSYGGMRVRPKCYGFSRMMATLEV;QVQLVQSGGALVKPGGSLRLSCAGSGLTLSNAWMTWVRQGPGKGLEWVGRMKSKFAGGATDYAAAVKGRFTISRGDSENTVYLQMNSLKTEDTAVYYCTTDRWEVDYDYTWGTYIRNMGDYWGQGTLVTVSS
Gn_1c5_complex,PIICAGPIHSNKSADIPHLLGYSEKICQIDRLIHVSSWLRNHSQFQGYVGQRGGRSQVSYYPAENSYSRWSGLLSPCDADWLGMLVVKKAKGSDMIVPGPSYKGKVFFERPTFDGYVGWGCGSGKSRTESGELCSSDSGTSSGLLPSDRVLWIGDVACQPMTPIPEETFLELKSFSQSEFPDICKIDGIVFNQCEGESLPQPFDVAWMDVGHSHKIIMREHKTKWVQESSSKDFVCYKEGTGPCSESEEKTCKTSGSCRGDMQFCKVAGCEHGEEASEAKCRCSLVHKPGEVVVSYGGMRVRPKCYGFSRMMATLEV;QVQLVQSGGALVKPGGSLRLSCAGSGLTLSNAWMTWVRQGPGKGLEWVGRMKSKFAGGATDYAAAVKGRFTISRGDSENTVYLQMNSLKTEDTAVYYCTTDRWEVDYDYTWGTYKRNMGDYWGQGTLVTVSS
Gn_1c5_complex,PIICAGPIHSNKSADIPHLLGYSEKICQIDRLIHVSSWLRNHSQFQGYVGQRGGRSQVSYYPAENSYSRWSGLLSPCDADWLGMLVVKKAKGSDMIVPGPSYKGKVFFERPTFDGYVGWGCGSGKSRTESGELCSSDSGTSSGLLPSDRVLWIGDVACQPMTPIPEETFLELKSFSQSEFPDICKIDGIVFNQCEGESLPQPFDVAWMDVGHSHKIIMREHKTKWVQESSSKDFVCYKEGTGPCSESEEKTCKTSGSCRGDMQFCKVAGCEHGEEASEAKCRCSLVHKPGEVVVSYGGMRVRPKCYGFSRMMATLEV;QVQLVQSGGALVKPGGSLRLSCAGSGLTLSNAWMTWVRQGPGKGLEWVGRMKSKFAGGATDYAAAVKGRFTISRGDSENTVYLQMNSLKTEDTAVYYCTTDRWEVDYDYTWGTYLRNMGDYWGQGTLVTVSS
Gn_1c5_complex,PIICAGPIHSNKSADIPHLLGYSEKICQIDRLIHVSSWLRNHSQFQGYVGQRGGRSQVSYYPAENSYSRWSGLLSPCDADWLGMLVVKKAKGSDMIVPGPSYKGKVFFERPTFDGYVGWGCGSGKSRTESGELCSSDSGTSSGLLPSDRVLWIGDVACQPMTPIPEETFLELKSFSQSEFPDICKIDGIVFNQCEGESLPQPFDVAWMDVGHSHKIIMREHKTKWVQESSSKDFVCYKEGTGPCSESEEKTCKTSGSCRGDMQFCKVAGCEHGEEASEAKCRCSLVHKPGEVVVSYGGMRVRPKCYGFSRMMATLEV;QVQLVQSGGALVKPGGSLRLSCAGSGLTLSNAWMTWVRQGPGKGLEWVGRMKSKFAGGATDYAAAVKGRFTISRGDSENTVYLQMNSLKTEDTAVYYCTTDRWEVDYDYTWGTYMRNMGDYWGQGTLVTVSS
Gn_1c5_complex,PIICAGPIHSNKSADIPHLLGYSEKICQIDRLIHVSSWLRNHSQFQGYVGQRGGRSQVSYYPAENSYSRWSGLLSPCDADWLGMLVVKKAKGSDMIVPGPSYKGKVFFERPTFDGYVGWGCGSGKSRTESGELCSSDSGTSSGLLPSDRVLWIGDVACQPMTPIPEETFLELKSFSQSEFPDICKIDGIVFNQCEGESLPQPFDVAWMDVGHSHKIIMREHKTKWVQESSSKDFVCYKEGTGPCSESEEKTCKTSGSCRGDMQFCKVAGCEHGEEASEAKCRCSLVHKPGEVVVSYGGMRVRPKCYGFSRMMATLEV;QVQLVQSGGALVKPGGSLRLSCAGSGLTLSNAWMTWVRQGPGKGLEWVGRMKSKFAGGATDYAAAVKGRFTISRGDSENTVYLQMNSLKTEDTAVYYCTTDRWEVDYDYTWGTYNRNMGDYWGQGTLVTVSS
Gn_1c5_complex,PIICAGPIHSNKSADIPHLLGYSEKICQIDRLIHVSSWLRNHSQFQGYVGQRGGRSQVSYYPAENSYSRWSGLLSPCDADWLGMLVVKKAKGSDMIVPGPSYKGKVFFERPTFDGYVGWGCGSGKSRTESGELCSSDSGTSSGLLPSDRVLWIGDVACQPMTPIPEETFLELKSFSQSEFPDICKIDGIVFNQCEGESLPQPFDVAWMDVGHSHKIIMREHKTKWVQESSSKDFVCYKEGTGPCSESEEKTCKTSGSCRGDMQFCKVAGCEHGEEASEAKCRCSLVHKPGEVVVSYGGMRVRPKCYGFSRMMATLEV;QVQLVQSGGALVKPGGSLRLSCAGSGLTLSNAWMTWVRQGPGKGLEWVGRMKSKFAGGATDYAAAVKGRFTISRGDSENTVYLQMNSLKTEDTAVYYCTTDRWEVDYDYTWGTYPRNMGDYWGQGTLVTVSS
Gn_1c5_complex,PIICAGPIHSNKSADIPHLLGYSEKICQIDRLIHVSSWLRNHSQFQGYVGQRGGRSQVSYYPAENSYSRWSGLLSPCDADWLGMLVVKKAKGSDMIVPGPSYKGKVFFERPTFDGYVGWGCGSGKSRTESGELCSSDSGTSSGLLPSDRVLWIGDVACQPMTPIPEETFLELKSFSQSEFPDICKIDGIVFNQCEGESLPQPFDVAWMDVGHSHKIIMREHKTKWVQESSSKDFVCYKEGTGPCSESEEKTCKTSGSCRGDMQFCKVAGCEHGEEASEAKCRCSLVHKPGEVVVSYGGMRVRPKCYGFSRMMATLEV;QVQLVQSGGALVKPGGSLRLSCAGSGLTLSNAWMTWVRQGPGKGLEWVGRMKSKFAGGATDYAAAVKGRFTISRGDSENTVYLQMNSLKTEDTAVYYCTTDRWEVDYDYTWGTYQRNMGDYWGQGTLVTVSS
Gn_1c5_complex,PIICAGPIHSNKSADIPHLLGYSEKICQIDRLIHVSSWLRNHSQFQGYVGQRGGRSQVSYYPAENSYSRWSGLLSPCDADWLGMLVVKKAKGSDMIVPGPSYKGKVFFERPTFDGYVGWGCGSGKSRTESGELCSSDSGTSSGLLPSDRVLWIGDVACQPMTPIPEETFLELKSFSQSEFPDICKIDGIVFNQCEGESLPQPFDVAWMDVGHSHKIIMREHKTKWVQESSSKDFVCYKEGTGPCSESEEKTCKTSGSCRGDMQFCKVAGCEHGEEASEAKCRCSLVHKPGEVVVSYGGMRVRPKCYGFSRMMATLEV;QVQLVQSGGALVKPGGSLRLSCAGSGLTLSNAWMTWVRQGPGKGLEWVGRMKSKFAGGATDYAAAVKGRFTISRGDSENTVYLQMNSLKTEDTAVYYCTTDRWEVDYDYTWGTYRRNMGDYWGQGTLVTVSS
Gn_1c5_complex,PIICAGPIHSNKSADIPHLLGYSEKICQIDRLIHVSSWLRNHSQFQGYVGQRGGRSQVSYYPAENSYSRWSGLLSPCDADWLGMLVVKKAKGSDMIVPGPSYKGKVFFERPTFDGYVGWGCGSGKSRTESGELCSSDSGTSSGLLPSDRVLWIGDVACQPMTPIPEETFLELKSFSQSEFPDICKIDGIVFNQCEGESLPQPFDVAWMDVGHSHKIIMREHKTKWVQESSSKDFVCYKEGTGPCSESEEKTCKTSGSCRGDMQFCKVAGCEHGEEASEAKCRCSLVHKPGEVVVSYGGMRVRPKCYGFSRMMATLEV;QVQLVQSGGALVKPGGSLRLSCAGSGLTLSNAWMTWVRQGPGKGLEWVGRMKSKFAGGATDYAAAVKGRFTISRGDSENTVYLQMNSLKTEDTAVYYCTTDRWEVDYDYTWGTYSRNMGDYWGQGTLVTVSS
Gn_1c5_complex,PIICAGPIHSNKSADIPHLLGYSEKICQIDRLIHVSSWLRNHSQFQGYVGQRGGRSQVSYYPAENSYSRWSGLLSPCDADWLGMLVVKKAKGSDMIVPGPSYKGKVFFERPTFDGYVGWGCGSGKSRTESGELCSSDSGTSSGLLPSDRVLWIGDVACQPMTPIPEETFLELKSFSQSEFPDICKIDGIVFNQCEGESLPQPFDVAWMDVGHSHKIIMREHKTKWVQESSSKDFVCYKEGTGPCSESEEKTCKTSGSCRGDMQFCKVAGCEHGEEASEAKCRCSLVHKPGEVVVSYGGMRVRPKCYGFSRMMATLEV;QVQLVQSGGALVKPGGSLRLSCAGSGLTLSNAWMTWVRQGPGKGLEWVGRMKSKFAGGATDYAAAVKGRFTISRGDSENTVYLQMNSLKTEDTAVYYCTTDRWEVDYDYTWGTYTRNMGDYWGQGTLVTVSS
Gn_1c5_complex,PIICAGPIHSNKSADIPHLLGYSEKICQIDRLIHVSSWLRNHSQFQGYVGQRGGRSQVSYYPAENSYSRWSGLLSPCDADWLGMLVVKKAKGSDMIVPGPSYKGKVFFERPTFDGYVGWGCGSGKSRTESGELCSSDSGTSSGLLPSDRVLWIGDVACQPMTPIPEETFLELKSFSQSEFPDICKIDGIVFNQCEGESLPQPFDVAWMDVGHSHKIIMREHKTKWVQESSSKDFVCYKEGTGPCSESEEKTCKTSGSCRGDMQFCKVAGCEHGEEASEAKCRCSLVHKPGEVVVSYGGMRVRPKCYGFSRMMATLEV;QVQLVQSGGALVKPGGSLRLSCAGSGLTLSNAWMTWVRQGPGKGLEWVGRMKSKFAGGATDYAAAVKGRFTISRGDSENTVYLQMNSLKTEDTAVYYCTTDRWEVDYDYTWGTYVRNMGDYWGQGTLVTVSS
Gn_1c5_complex,PIICAGPIHSNKSADIPHLLGYSEKICQIDRLIHVSSWLRNHSQFQGYVGQRGGRSQVSYYPAENSYSRWSGLLSPCDADWLGMLVVKKAKGSDMIVPGPSYKGKVFFERPTFDGYVGWGCGSGKSRTESGELCSSDSGTSSGLLPSDRVLWIGDVACQPMTPIPEETFLELKSFSQSEFPDICKIDGIVFNQCEGESLPQPFDVAWMDVGHSHKIIMREHKTKWVQESSSKDFVCYKEGTGPCSESEEKTCKTSGSCRGDMQFCKVAGCEHGEEASEAKCRCSLVHKPGEVVVSYGGMRVRPKCYGFSRMMATLEV;QVQLVQSGGALVKPGGSLRLSCAGSGLTLSNAWMTWVRQGPGKGLEWVGRMKSKFAGGATDYAAAVKGRFTISRGDSENTVYLQMNSLKTEDTAVYYCTTDRWEVDYDYTWGTYWRNMGDYWGQGTLVTVSS
Gn_1c5_complex,PIICAGPIHSNKSADIPHLLGYSEKICQIDRLIHVSSWLRNHSQFQGYVGQRGGRSQVSYYPAENSYSRWSGLLSPCDADWLGMLVVKKAKGSDMIVPGPSYKGKVFFERPTFDGYVGWGCGSGKSRTESGELCSSDSGTSSGLLPSDRVLWIGDVACQPMTPIPEETFLELKSFSQSEFPDICKIDGIVFNQCEGESLPQPFDVAWMDVGHSHKIIMREHKTKWVQESSSKDFVCYKEGTGPCSESEEKTCKTSGSCRGDMQFCKVAGCEHGEEASEAKCRCSLVHKPGEVVVSYGGMRVRPKCYGFSRMMATLEV;QVQLVQSGGALVKPGGSLRLSCAGSGLTLSNAWMTWVRQGPGKGLEWVGRMKSKFAGGATDYAAAVKGRFTISRGDSENTVYLQMNSLKTEDTAVYYCTTDRWEVDYDYTWGTYYRNMGDYWGQGTLVTVSS
