key,sequence
0,IVCHTTATSPISAVTCPPGENLCYRKMWCDAFCSSRGKVVELGCAATCPSKKPYEEVTCCSTDKCNPHPKQRP
50,--------------TCPSNSSVCYTGRAtfpslpdFVGFNIQGCRENTTSCDKTTPDtllgVTYNTKITCCSTDSCNP------
51,--------------TCPSTSNVCYTGRAtfpslpdFVGFNIQGCRENATGCDATTPDtmlgVTYNTKITCCSTESCNP------
52,--------------TCPSNSSVCYTGRAnFVGFNIQGCIENTTGCDATTPDtmlgVAYNTKITCCSTESCNP------
53,--------------TCPSNSSVCYTGRAtfpslpdFVGFNIQGCIENTTGCDATTPDtmlgVAYNTKITCCSTESCNP------
54,-VCLNSG-----TVTCSTNTSVCYTGkavfpslTSFSGFNNQGCQDTTTGCNATTSAsllgVTYNTTISCCSSDKCNP------
74,--CNTLIEGRKEVTECPPGQKICMT----HSISNNNRTDITKGCTtfGRCTRRNvflyESEEIHCCNIDLCN-------
75,--CNTLTEGRKEVTECPPGQTICMT----HSITNNNKTDITKGCTtfGRCARRDvfiyESEKIYCCNIDLCN-------
89,--------------TCPPGQELCYTKTWCDRFCSIRGKVIELGCTATCPRAEPKEDTTCCSKDNCNPHP----
90,--CNQQSSQPKTTTTCA--ESSCYKKTWRD----HRGTITERGCG--CPNVKPGVQINCCKTDECN-------
91,LLCY-KTPSPINAETCPPGENLCYTKMWCDAWCSSRGKVIELGCAATCPSKKPYEEVDCCSTDNCNPHPKLRP
92,IVCLDLGDSLIcyldfsVPHTCAPGEKLCYTRTWNDG----RGTRIERGCAATCPiPKKPEIHVTCCSTDRCNPHPKQKP
265,--------------TCPTNSSVCYTGRAnfpslpdFVGFNIQGCKENSTGCDSTTPDtllgVTYNTKITCCSTDSCNP------
291,--------------TCPSNSSVCYTGRAtfpslpdFVGFNIQGCIENTTGCDATTPDtmlgVAYNTKITCCSTESCNP------
294,-ICYNQQSSqPPTTKTC--SETSCYKKTWRD----HRGTIIERGCG--CPKVKPGIKLHCCRTDKCN-------
296,--------------TCPSISSVCYTGRAtfpslpdFVGFNLQGCRENTTGCDATTPDtllgVAYNTKITCCSTESCNP------
312,LICYTCPGVLcKTKQKCPKGQNLCFRRRKFYDLI---GFGASRGCAATCPTVGRSDVIACCSTNRCN-------
315,--CLNCSTRYCTTFhTCPNGQDLCFK-RWYEG--NQLGWRAIRGCAATCPEAKTRETVECCTTDKCN-------
380,--------------TCPSTSNVCYTGRAtfpslpdFVGFNIQGCRENTTGCDTTTPDtmmgVTYNTKITCCSTESCNP------
397,--------------TCTSNTSVCFTGRAtfsslsdFVGFNTQGCRDNSTGCNATVSStllgVSYDTRVECCSTDNCNP------
410,---------------CASGETICYKTFW----NTHRGLRIDRGCAATCPTVKPGVNIICCKTDNCN-------
512,--CYTCGGSFCeWKMPCANEEKFCY-------FVTTQNIEKKKGCARTCPEQHFG-RAYCCTTDFCN-------
523,--------------QCPGMDTKCYT-LYKRDENGEEKW-AXKGCAXTCPTAGPDERVKCCNTPKCN-------
531,------------PEECPKGQDVCfmiYERLTFTNKDDLYGVKIIRGCAEKCPDMGHHEFIECCTIDTCN-------
549,-ICPSWTLSCRSFQKCPADEGMCFK-MW-NSTVRVMERTYIRGCAAACPDPVGDEKVYCCVTDNCN-------
593,--CYEGKGTRKS-VTCPEGENVCYT-LFLVG-PSYPAKVLKWGCAASCPKVGLGARISCCTTDKCNSH-----
594,----------KTTETCPDEQNLCYK-RW--HMLAPGRYDITRGCAATCPIAENHDSVECCAKENCN-------
595,-ICYNQQsTEPPTTKTCSEGQ--CYKKTWSD----HRGTIIERGCA--CPNVKPGVKISCCSSDKC--------
666,--------------TCPSNSSVCYTGRAkfpslpdFVGFNIQGCREHTTSCEATTRgsmlGVTYNTEITCCSTECCNP------
-1,IVCHTTATSPISAVTCPPGENLCYRKMWCDALCSSRGKVVELGCAATCPSKKPYEEVTCCSTDKCNPHPKQRP
-1,LLCHTTSTSPISTVTCPSGENLCYTKMWCDAFCSSRGKVIELGCVATCPQPKPYEEVTCCSTDKCNPHPKQRP
-1,IVCHTTATIPSSAVTCPPGENLCYRKMWCDAFCSSRGKVVELGCAATCPSKKPYEEVTCCSTDKCNHPPKRQP
-1,LLCY-KTPSPINAETCPPGENLCYTKMWCDAWCSSRGKVIELGCAATCPSKKPYEEVDCCSTDNCNPHPKLRP
-1,LICY---MGPKTPRTCPPGQNLCYTKTWCDGFCGSRGKVVVLGCAATCPTVKPGVDITCCATDKCNPFPK---
-1,LICY---MGPKTPRTCPPGENLCYTKTWCDAFCSIRGRRVDLGCAATCPTAKPGVDITCCSTDKCNPHP----
-1,LICY---LGPNNPQTCPPGEKLCFTKAWCDAWCPSRGKRMEFGCAATCPTGKPGVDITCCSTDKCNPHPKQ--
-1,LICY---MGPKTPRTCPRGQNLCYTKTWCDAFCSSRGKVVELGCAATCPIAKSYEDVTCCSTDNCNPFPVRpRP
-1,LVCY---LGYNTPRTCPPGQNLCYTKTWCDGHCGSRGKRIVLGCAATCPIVKPGVDISCCSTDKCNPHPKQ--
-1,LICY---KGYNAPQTCPPGQNLCYTKTWCDAFCSSRGKVVELGCAATCPTVKPHVDIKCCSTDKCNPFPVR--
-1,LICY---LGYNNPQTCAPGQNLCYTKKWCDAFCLQRGKVIQLGCAATCPTTKPYEEVTCCSRDKCNPHPAQR-
-1,LICY---LGPNNPQTCPPGEELCFTKAWCDAWCGIRGKRMEFGCAATCPTGKPGVDITCCSTDKCNPHPKQ--
-1,LICY---MGYNAPQTCPPGENLCFTKSWCDAHCGQRGKRIDLGCAATCPTVKPGVDISCCSTDKCNPHPKQ--
-1,IVCLDLGDSLIcyqaynTPQTCAPGENLCYTKTWCDYWCHVKGKRIDLGCAATCPTAKPGEDVTCCSRDKCNPHPLQRP
-1,VICY---LGYNNPQTCPPGENVCFTRTWCDSFCSSRGKVVELGCAATCPIPKSYQDVKCCSTDKCNPFpvrPRRRP
-1,VICY---LGYNNPQTCPPGENVCFTKTWCDARCSQLGKRVEMGCAATCPKVKPGVDIKCCSTDKCNPFPKTTP
-1,IVCLDLGDSLIcyqaynTPQTCAPGENLCYTKTWCDAFCSIRGRRVDLGCAATCPTAKPGVDITCCSTDKCNPHP----
-1,LICF---ISPHDSVTCAPGENVCFLKSWCDAWCGSRGKKLSFGCAATCPKVNPGIDIECCSTDNCNPHPKLRP
-1,IMCLDLGyttkcyvTPDVTSQTCPDGQNICYTETWCDAWCGSRGKRVNLGCAATCPKVNPGVDIICCSTDNCNPFPKR--
-1,-------------KTCPPGENLCYTKTWCDAWCGSRGKVVELGCAATCPIAKPGVDVTCCSTDKCNPFP----
-1,--------------TCPDGENICYTKTWCDVWCGSRGRRVDLGCAATCPIVKPGVNINCCSTDNCNPFPKR--
-1,--------------TCPDGQNLCYLKSWCDIFCGSRGERLEFGCAATCPEVKPGVNIECCSTDNCNPHPKLRP
-1,-------------KTCPPGENLCYTKTWCDAWCGSRGKVVELGCAATCPIPKHYEDVICCSTDNCNPFPTR--
-1,------------PQTCPPGQDQCFKKTWCDAWCPIRGERVELGCAATCPTVKPGVKIVCCSTDNCNPFPTKR-
-1,VICY---LGYNYAQTCPPGENVCFTKTWCDARCGLLGKRVEMGCAATCPKVKPGVDIKCCETDKCNPFPKTTP
-1,IVCLDLGDGlicyvdSKTSRTCPPGENVCFTETWCDARCSLLGKRVDLGCAATCPTAKPGVDITCCSTDKCNPFPTQK-
-1,--------------TCPPGQDLCYMKTWCDVFCGSRGRVIELGCTATCPTVKHHEQITCCSTDNCNPHPK---
-1,--------------TCPAGQDICYTETWCDAWCTSRGKRVNLGCAATCPIVKPGVEIKCCSTDNCNPFPTRkRP
-1,--CYKTPA-PVRPGPCPPGQEICYTKTWCDEWCGIRGKVIELGCAATCPTpEKTSIQVTCCSTDRCNPHPKQKP
-1,IVCLDLGDslrcymGPKTPRTCPPGENLCFTKTWCDPRCSLLGKLVKLGCAATCPIPKSYEDVTCCSTDNCNRFPK---
-1,LICFE---GYKAPKTCPPGQNLCYTKTLCGFRCASRGPRVELGCAATCPIPKPREEVTCCSTDNCNPFPKWNP
-1,----------ATSQTCPDGENICYTKSWCDVFCSSRGKRIDLGCAATCPKVKPGVDIKCCSTDNCNPF-----
-1,---------------CAPGENLCYTKTWCDRFCGVMAKRIELGCAATCPEGRPGIDVTCCSTDNCNPHPKRKP
-1,IVCLDLGYTRTCLKTpevksepCPPGQNLCYTKSWCDRFCSSRGKVIELGCAATCPTVKPGVDITCCSTDDCNTHP----
-1,VICY---LGYNYAQPCPPGENVCFTKTWCDGRCPQLGKRVEMGCAATCPKVKRGVDIKCCSTDKCNPFP----
-1,---------------CAPGENLCYTRTWCDAWCGSRGKRIELGCAATCPPAEPKKDITCCSTDNCNPHP----
-1,---------------CAPGENLCYTRTWCDARCGLMGKRIELGCAATCPTAKTGIDVICCSTDNCNPHPKRKP
-1,--CYKTPGVKSEP--CPPGQNLCYTKTWCDAWCTSRGKVVELGCAATCPIPKSYEDIKCCSTDNCNTFPLR--
-1,IMCLDLGYTRTCFKTpyvksepCPPGQEVCYTKTWCDSFCSLRGKVVELGCAATCPPAGPKEDVTCCSTDNCNTHP----
-1,--CYKTPGVKSEP--CAPGENLCYTKTWCDAFCGDRGKRVEMGCAATCPTVKPGVDITCCSTDNCNPFP----
-1,---------------CPNG-HVCYTKTWCDGFCSSRGRRVELGCAATCPTVKPGVDIQCCSTDNCNPFPTR--
-1,---------------CPPGQNLCYTKTWCDAFCSIRGKVIELGCAATCPPAEPRKDITCCSTNNCNPHP----
-1,VICY---VGYNAHLTCPPGQNKCYTKTSFEGFXSQRGPRVEMGCTATCPTAKPGVKITCCSTDKCNPFPTRpRP
-1,--CYLSSTHSKD---CAAGEDLCYTKTWCDAWCSQRGQRVELGCAATCPTAKPRVTVKCCSTDNCNTFPVQ--
-1,IVCLDLAytrtcyrTHPYKPETCPPGQNLCYKKSWCDAFCSSRGKVIELGCTAKCPTVKHGKDINCCATDNCN-------
-1,---------------CAPGQNLCYTKTWCDAFCFSRGRVIELGCAATCPPAEPKKDISCCSTDNCNPHP----
-1,---------------CAPGQNLCYTRTWCDRFCSIRGKVIELGCAATCPPAEPKKDITCCSTDNCNPHP----
-1,---------------CAPGENLCYTKTWCDRFCSIRGKVIELGCAATCPPAEPKKNITCCSTDNCNPHP----
-1,--CYKTPGVKSEP--CAPGENLCFTKTWCDAFCGHRGKRVEMGCAATCPTVKPGVDIICCSTDNCNPFP----
-1,---------------CEPGENQCYTRTWCDARCGLMGKRIELGCAATCPTAKTGIDIKCCSTDNCNPHPKQK-
-1,IVCLDLAytrkcykTHPYKSEPCAPGENLCYTKTWCDFRCSQLGKAVELGCAATCPTTKPYEEVTCCSTDDCNRFPNwERP
-1,IVCLDlgytreCYLNPHDTQTCPSGQEICYVKSWCNAWCSSRGKVLEFGCAATCPSVNTGTEIKCCSADKCNTYP----
-1,--------------TCPPGQELCYTKTWCDRFCSIRGKVIELGCTATCPRAEPKEDTTCCSKDNCNPHP----
-1,---------------CAPGQNLCYTKTWCDRLCSIRGKVIELGCAATCPPAEPKKDITCCSTDNCNPHP----
-1,---------------CAAGENLCYTKTWCGSMCSIRGSLIELGCAATCPKAKPGVDITCCSTDNCNPHP----
-1,IVCLDLGDSLSCYKTphvksepCAVGENQCYTKTWCDTFCSSRGKVVELGCAATCPVPESYEEVTCCSTDICNKFPVQ--
-1,-------------QTCPDG-HQCFTKTWCDAWCSIRGPRVEMGCEATCPTVKPGIKIFCCSTDKCNPFPKwERP
-1,--CYKTAPVRSEP--CPPGEDLCYTKAWCDFRCGTHGKILELGCAATCPIPKHYEDVKCCSTDNCNPFPK---
-1,---------------CAPGQNLCYTKTWCDRFCSIRLKVIELGCAATCPPAEPKKDITCCSTDNCNPHP----
-1,IVCLDFGYARTCLKTpevksepCPPGQEVCYTKAWCDRMCSFRGKVIELGCAATCPRQEPGKEITCCSTDDCNTHP----
-1,---------------CPPGQDLCYTKTWCDAFCSIRGKVIELGCAATCPPAEPKKDIKCCSTDNCNTHP----
-1,IVCLDLGDSLIcyldfsVPHTCAPGEELCYTKTWSDG----RGTRIERGCAATCPIPKrPGIHVTCCSTDRCNPHPKQKP
-1,IVCLDFGYTRSCLKTpeiksepCPPGQNLCYTKTWCDRFCTMRGKVIELGCAATCPPAEPRKDITCCSTDNCNTVP----
-1,LICY---VGYNIPQICPTGEVVCFTKTWCDAHCGERGKRVELGCAATCPIVKPGIDITCCSTNNCNPFP----
-1,--------------TCPDG-HQCFTKTWCDAWCAERGPRVEMGCEATCPTVKPGVKIFCCSTDKCNPFPKvERP
-1,---------------CAAGENQCYTKTWCGSMCSIRGSLIELGCAATCPTAKPGVTVKCCSTDNCNPHP----
-1,---------------CPPGENVCVTKTWCDAFCSIRGKVIELGCAATCPPAEPKKDIKCCSTDNCNTHP----
-1,---------------CAPGENLCYTKSWCDAFCSIRGKVIELGCAATCPPAEPKKDITCCSTDNCNTHP----
-1,IVCLDLGYTRRCFITpdvrserCPPGQEVCYTKTWCDGFCGSRGKRVDLGCAATCPTPkKKDIKIICCSKDNCNTFPK---
-1,VICY---FGENYSQTCPDG-HQCFTRTWCDPWCSVRGPRVEMGCEATCPTVKKGIKIFCCSTDKCNPFPKwERP
-1,--CYLSSTHSKD---CAVGEDLCYTETWCDAWCGVRGQRVNLGCAATCPTAKPRVTVKCCSTDNCNTFPVQ--
-1,IVCLDlgdslsCYLGYKRSQTCPPGEKVCFVKSWCDAFCGSRGKRIEMGCAATCPTVKDGIDITCCATDNCN-------
-1,--------------TCPDGENICYTKSWCEVFCTSRGKRIDLGRAATCPKVKPGVDIKCCSTDNCNPF-----
-1,--------------TCPDGHK-CFTRTWCDPWCSIRGPRVEMGCEATCPIVKPGIKIFCCSTDKCNPFPKwERP
-1,IVCLDLGYTRRCFITpdvrserCPPGQEVCYTKTWCDGFCSSRGKRVDLGCAATCPTPkKKGIDIICCSKDNCNTFPK---
-1,IMCLDLGYTRTCLTTpgflskpCPSGQEVCYTKAWCNEWCPDRGKQVEMGCAAICPSVKPKEDITCCSEDNCNPRP----
-1,--------------TCPDG-HQCFTKTWCDAWCSVRGPRVEMGCEATCPIVKPGIKMFCCSTDKCNPFPKwERP
-1,VICY---FGENYSRTCPDG-HQCFTRTWCDPWCSVRGPRVEMGCEATCPTVKKGIKIFCCSTDKCNPFPKwERP
-1,IVCLDLGDSLIcyldfsVPHTCAPGEELCYTRTWNDG----RGTRIERGCAATCPiPKNPEIHVTCCSTDRCNPHPKEKP
-1,---------------CPPGQEVCYTKTWCDGFCGIRGKRVDLGCAATCPTPkKTGIDIICCSTDDCNTFPLR--
-1,IVCLDLAGglicylGRNTPGTCPPGQELCY-IVWCGAFCHDR--RVKLGCAATCPIPKRYEKVTCCSTDNCNQFPTQK-
-1,--CYTSLN--RESKTCPSGQNLCVTKTWCGEMCSIRGKRVELGCAATCPIRTPGLDFTVCTTDNCNPVPER--
-1,IVCLDLGDSLICNVdykkneTCPPGHNLCYKITSCVGWCPKGEKLIKMGCAATCPRR-LGVKVTCCSTDNCN---QRRP
-1,----------------------------CLDLGSSRGKVVELGCAATCPSKKPYEEVTCCSTDKCNPHPKQRP
-1,---------------CPPGEDLCYTKSWCGELCYSRRNRVDLGCAATCPTPENtGIEIICCSTDNCNPFPK---
-1,---------------CPPGQEVCYTKTWTDGHGGSRGKRVDLGCAATCPTPkKKDIKIICCSTDNCNTFPK---
-1,--CLNCSTRYCTTFhTCPNGQDLCFK-RWYEG--NQLGWRAIRGCAATCPEAKTRETVECCTTDKCN-------
-1,--CYEGEGTRKS-VTCPEGENVCYT--IFLAEFNPREKVLKWGCAASCPKVGLGVRITCCSTDNCNSH-----
-1,LICY---VGYNAPRTCPNGQKLCYKITSCVGVCPKRDQPIEMGCAATCPIRNRGVKVICCSTDRCN-------
-1,--CLNCSTRYCTTFhTCPNGQDLCFK-RWYEG--NQLGWRAIRGCAATCPEAKTRETVECCATDKCN-------
-1,----NQPSTPKTAQTCPDGQNFCYRKRW----LSYGKRKVERGCAATCPRLQRGVNIHCCATDNCN-------
-1,--CYTQySLSPPTTKTCPDGQNLCYK-RWF--AFIPHGNKFFRGCAAACPKAEHNEVVRCCARDKCN-------
-1,IVCLDLGDSLICNVdykkheTCPPERNLCYKITSFLGWCPKGEQLIKMGCAATCPRR-LGVKITCCSTDNCNQHRPR--
-1,--CHISTSS--TPQTCPKGQDICFRKTQCDKFCSIRGAVIEQGCVATCPEfRSNYRSLLCCRTDNCNP------
-1,--CLISPSSP--PQTCPKGEDICIVKARCDEWCLRRGPLIERGCAATCPEfRSNYRSLLCCTTDNCN-------
-1,IVCLDLGDSLICNVdykkheTCPPGRILCYKITSFLGWCPERERLIKMGCTATCPRR-PGVKVTCCSTDNCNQHRPR--
-1,--CYEGKGTRKS-VTCPEGENVCYT-LFLVG-PSYPAKVLKWGCAASCPKVGLGARISCCTTDKCNSH-----
-1,--CYKGKKTRKS-VTCPEGENVCYTIF-LVGA-SRPEKVLEWGCAASCPKVKLGVRITCCSTDNCNSH-----
-1,---------------CPAWVPLRSRPVAGHSkQCGSRGRRVDLGCAATCPIVKPGVNINCCSTDNCNPFPKR--
-1,--CYEGKGTRKS-VTCPKGEKVCYT--TFLVGPSQPEKILKWGCAASCPKVGLGARITCCSTDNCNSH-----
-1,--------------TCRSEQELCCTKTWCDQWCQDRGPRLEMGCTATCPRRMPGLDFTCCTTDNCNPVP----
-1,--CYEGKGTRKS-VTCPKGEKVCYTIFLVGS--SHPAKVLKWGCAASCPKVGLGARISCCTTDKCNSH-----
-1,--CHNQQSSqPPTTKTCP-GETNCYKKVWRD----HRGTIIERGCG--CPTVKPGIKLNCCTTDKCN-------
-1,-----------TPQTCPQGQDICFLKVSCEQFCPIRGPVIEQGCAATCPEFRSNDRsLLCCTTDNCN-------
-1,--CYNQQSSqPQTTTTCA--ESSCYKKTWRD----HRGTIIERGCG--CPTVKPGIQRVCCSTDKCNPHP----
-1,--------------TCPPEHILCYKITSFIGWCPEGEQLIKMGCAATCPRR-LGVKVTCCSTDNCNQHRPR--
-1,--CHNQQSSqPPTTKTCP-GETNCYKKQWSD----HRGTIIERGCG--CPSVKKGVKINCCTTDRCN-------
-1,---------------CPDGQNLCFK-RW--QYISPRMYDFTRGCAATCPKAEYRDVINCCGTDKCN-------
-1,---------------CPDGQNLCFK-RW--QYISPRMYDFTRGCAATCPKAEYRDVINCCGTDKCN-------
-1,----TCLISPSStPQTCPNGQDICFRKAQCDNFCHSRGPVIEQGCVATCPQfRSNYRSLLCCRTDNCN-------
-1,--CCSSESSPKTSKSCPAGENVCFVK-TLVAPVGPTGKKVlERGCAATCPKGMLGVNINCCTKDKCN-------
-1,--CHNTQL-PFIYKTCPEGKNLCFKTTLKK---LPLKIPIKRGCAATCPKSSALLKVVCCSTDKCN-------
-1,-ICYNQQSSqPPTTKTCSEGQ--CYKKTWRD----HRGTIIERGCA--CPNVKPGIQISCCTSDKCN-------
-1,-ICYNQQSSqPPTTKTCSEGQ--CYKKTWSD----HRGTISERGCA--CPNVKPGVKISCCSSDKCN-------
-1,--CYEGKVARKS-VTCPKGENLCFTIF---SFQFHPARAIEFGCAASCPKVGLGARITCCSTDNCNSH-----
-1,--CFTTApgnAGPALITQCHAEENFCEEVLALDDA-SSSVDLVRLGCSAACIDGSLQLEgqnifVNCCEEDRCNPGPMLR-
-1,--------GGVTTEDCPAGQNVCFK-RW--HYVTPKNYDIIKGCAATCPKVDNNDPIRCCGTDKCN-------
-1,---------------CPPGEDLCFTRTWRDGH-GGRGPRVDLGCAATCPtTDKTGIHISCCSTDDCNTFPKwERP
-1,---------------CPPGEDLCFTRTWRDAHSGNRGPRVDLGCAATCPtTDKTEIRISCCSEDDCNTFPKwERP
-1,-ICHNQQSSqPPTTKTCSEGQ--CYKKTWRD----HRGTIIERGCG--CPTVKPDIHISCCTSDKCN-------
-1,----TCLISPSStPQTCPQGQDTCFLKALCDKLCPIRGPVIEQGCAATCPEfRSNYRSLLCCTTDNCN-------
-1,--CHNQQSSqPPTTKTCP-GETNCYKKRWRD----HRGSITERGCG--CPSVKKGIEINCCTTDKCN-------
-1,LICHNRPL-PFLHKTCPEGQNICYKMTLKK---TPMKLSVKRGCAATCPSERPLVQVECCKTDKCN-------
-1,--------------TCRNGENICFKRFYEGNL---LGKRYPRGCAATCPEAKPREIVECCSTDKCN-------
-1,---------------CPAGQNLCFK-RW--HYVIPRYTEITRGCAATCPIPENYDSIHCCKTDKCN-------
-1,-ICYNQQsTTPPTTENCEPGKNVCYK----MYFSDHRGTRSSRGCVATCPTNNRYDRVVCCEKDKCN-------
-1,-----------TPEICADGQNLCYK-TWHMVY--PGGYDHTRGCAATCPKMKNHDTVHCCTTDKCN-------
-1,-ICYNQQsTEPPTTKTCSEGQ--CYKKTWSD----HRGTIIERGCA--CPNVKPGVKISCCSSDKC--------
-1,---------PPFWKTCPKGKNLCYK----MTMRGASKVPVKRGCIDVCPKSSLLIKYMCCNTDKCN-------
-1,--CYKGKGTRKS-VTCPKGEKVCYTIF-LVG-PSYPEKVLKWGCAASCPKVGLGARISCCSRDKCNSH-----
-1,IMCHDSTTmtdscHPKStgcPVTCPAGEHVCHMPPSCDGcdgynWCSS----------YTCPVYCGVDEVMChdstTMTDTCHP------
-1,--CH--QLVPPFWKTCPEGKNLCYK----MYMVSSSTVPVKRGCIDVCPKNSALVKYVCCNTDKCN-------
-1,--------------TCRDGENVCFKGFYE---GKQLGKQFRRGCAATCPEGKPNEIVQCCSTDECN-------
-1,--CHNTQL-PLIYKTCPEGKNLCFK-MTLKRF--PLKFPVKRGCAATCPKSNALVKVVCCKTDKCN-------
-1,----TCLISPSStPQTCPQGQGICFLKAQCDKFCSIRGPVIEQGCVATCPQfRSNYRSLLCCTTDNCN-------
-1,-------------KTCPAGKNLCYK----MFMVATPKVPVKRGCAATCPKSSALVKVVCCKTDKCN-------
-1,-ICHNQQSSqPPTTITCSEGQ--CYRKFWSD----HRGTIIERGCG--CPTVKPGIHISCCASDKCN-------
-1,-----------SSKTCPSGQNVCFKK-WEMG--NSSEKNAKRGCIAACPKPKKNEMIQCCSKDKCN-------
-1,---------PIASKTCPPGKNLCYK----MFMVSDLTIPVKRGCIDVCPKNSLLVKYVCCNTDRCN-------
-1,-ICYNQQSSqPPTTKTC--SETSCYKKTWRD----HRGTIIERGCG--CPKVKPGIKLHCCRTDKCN-------
-1,-ICYNQKASrPKTTITCPDGETSCYKK----DLMSSFGILILRGCG--CPKEVPNLLLMCCKKDKCN-------
-1,VLCHDSATmtdscHPAStgcPITCPPGDNVCHMPPTCDGcqghsYCSP----------SSCPVYCGVDEVMChdstTMTDSCHP------
-1,VLCHDSATmtdscHPAStgcPITCPPGDNVCHMPPTCDGcqghsYCSP----------SSCPVYCGVDEVMChdstTMTDSCHP------
-1,---------PPFWKTCPKGKNLCYK----MTMRAAPMVPVKRGCIDVCPKSSLLIKYMCCNTDKCN-------
-1,---------PPFWKTCPEGKNLCYK----MYMVATPMIPVKRGCIDVCPKNSALVKYMCCNTDKCN-------
-1,---------------CPDGQNLCFKRR---HYVVPKIYDSTRGCAATCPIPENYDSIHCCKTDKCN-------
-1,---------------CPDGQNLCFKRR---HYIVPKMYDSTRGCAATCPIAENRDVIHCCGTDKCN-------
-1,-----------TTQNCPAGQNLCFIRR---HYINHRYTEITRGCTATCPKPTNvRETIHCCNTDKCN-------
-1,-ICYNQQSSqPPTTTTCSEGQ--CYKQRWRD----HRGWRTERGCG--CPKAIPEVKLNCCKTDRCN-------
-1,---------PPVWKTCPEGKNLCYK----MFMVSTSTVPVKRGCIDVCPKNSALVKYVCCSTDKCN-------
-1,---------PPFWKTCPEGKNLCYK----MTMRLAPKVPVKRGCIDVCPKSSLLIKYMCCTNDKCN-------
-1,--CHN-KLVPFLSKTCPDGKNLCYK----MSMEVTPMIPIKRGCTDTCPKSSLLVKVVCCKTDKCN-------
-1,--------------TCPSNSSVCYTGRAnFVGFNIQGCIENTTGCDATTPDtmlgVAYNTKITCCSTESCNP------
-1,VMCHDSMTmtdscHPKStgcPVTCAAGEHVCHTPPACetcdgMNWCSS----------GTCPVYCAMDEVMChdsmTMTDSCHP------
-1,IMCHDPATmtdtcHPKStgcPVTCPAGEHVCHMPPSCDG-CDGYNWCSSYTC--SCPVYCGMDEVMChdstTMTDSCHP------
-1,VLCHDSATmtdscHPAStgcPITCPPGDNVCHMPPTCDGcqghsYCSP----------SSCPVYCGADEVMChdstTMTDSCHP------
-1,-------------KTCPAGKNLCYK----MFMVSNKMVPVKRGCIDVCPKSSLLVKYVCCNTDRCN-------
-1,-ICHNQQSSqRPTIKTCP-GETNCYKKRWRD----HRGTIIERGCG--CPSVKKGVGIYCCKTDKCN-------
-1,-------------KTCPEGKDLCYK----MNFkLLPKKLSIKRGCTDTCPKSSLLVKVVCCDTDKCN-------
-1,--------------TCRNGEKICFKKF---DQRKLLGKRYIRGCAATCPEAKPREIVECCSTDKCN-------
-1,-----------TPQLCPKGQDVCYKKTP---IVKKLKWLQKKGCASSCPKNGFikLFKIKCCTKDNC--------
-1,-ICHNQQSSqPPTIKTCSEGQ--CYKKTWRD----HRGTISERGCG--CPTVKPGIHISCCASDKCN-------
-1,---------PPFWKTCPEGKNLCYK----MYMVSTLTVPVKRGCIDVCPKNSALVKYVCCNTDKCN-------
-1,--CHNQQSSqPPTTKTC-SGETNCYKKWWSD----HRGTIIERGCG--CPKVKPGVNLNCCRTDRCN-------
-1,--CHNQQSSqAPTTKTC-SGETNCYKKWWSD----HRGTIIERGCG--CPKVKPGVKLNCCTTDRCN-------
-1,--------------TCRNGENQCFKRF---NERKLLGKRYTRGCAATCPEAKPREIVECCTTDRCN-------
-1,---------------CPDGQNLCFKK-WY--YIVPRYSDITWGCAATCPKPTNvRETIHCCETDKCN-------
-1,-----------TPQLCPKGQDVCYKKTP---IVKKFKWLQKKGCASSCPKNGFikIFKIECCTKDNC--------
-1,IVCLDLGSTlqcnkliPLAYKTCPAGKNLCYK----MYMVSNKTVPVKRGCIDVCPKNSLLVKYECCNTDRCN-------
-1,-ICYNQQTlQPPTTITCSEGQ--CYRKFWSD----HRGTIIERGCG--CPNLKLGIKIRCCTSDKCN-------
-1,---------PIASKTCPAGKNLCYK----MFMVATPKVPVKRGCIDVCPKSSLLVKYVCCNTDRCN-------
-1,-ICYSCTRRPCWgLQHCAEGQNLCYEKKFKDD---PFGMKTVKGCTDNCTIPGQNEKVTCCSYDKCN-------
-1,LICYTCPGVLcKTKQKCPKGQNLCFRRRKFYDLI---GFGASRGCAATCPTVGRSDVIACCSTNRCN-------
-1,---------------CASGETICYKTFW----NTHRGLRIDRGCAATCPTVKPGVNIICCKTDNCN-------
-1,--------------TCPTNSSVCYTGRAnfpslpdFVGFNIQGCKENSTGCDSTTPDtllgVTYNTKITCCSTDSCNP------
-1,---------PLFSKTCPEGKNLCYK----MTMRLAPKVPVKRGCIDVCPKSSFLVKYECCDTDRCN-------
-1,---------PLFSKTCPPGKNLCYK----MFMVATPKVPVKRGCIDVCPKSSLLVKYVCCNTDKCN-------
-1,---------PLAYKTCPAGKNLCYK----MYMVSNKTVPVKRGCIDVCPKNSLVLKYECCNTDRCN-------
-1,---------PPFWKTCPEGKNLCYK----MYMVATPMLPVKRGCIDVCPKDSALVKYMCCNTDKCN-------
-1,---------PPFWKTCPEGKNLCYK----MTMRLAPKVPVKRGCIDVCPKSSLLIKYMCCNTNKCN-------
-1,--CHN-KLVPFLSKTCPEGKNLCYK----MTLMKMPKIPIKRGCTDACPKSSLLVKVVCCNKDKCN-------
-1,--CHNQQSSqPPTTKSCP-GDTNCYNKRWRD----HRGTIIERGCG--CPTVKPGINLKCCTTDRCN-------
-1,--CHNTQL-PFIYKTCPEGKNLCFKATLKK---FPLKIPIKRGCADNCPKNSALLKYVCCSTDKCN-------
-1,-------------QICRDGEKICFKKF---DQRNLLGKRYRRGCAATCPEAKPREIVQCCSTDKCN-------
-1,---------------CPDGQNLCFK-RW--HMIVPGRYKKTRGCAATCPIAENRDVIECCSTDKCN-------
-1,---------PIASKTCPAGKNLCYK----MFMMSDLTIPVKRGCIDVCPKNSLLVKYVCCNTDRCN-------
-1,---------------CPDGQNLCFK-RW--HMIVPGRYKKTRGCAATCPIAENRDVIECCSTDKCN-------
-1,IICLDLGYTRKclikysqaneSSKTCPSGQLLCLKK-WEIG--NPSGKEVKRGCVATCPKPKKNEIIQCCAKDKCN-------
-1,-----------TPQLCPKGQDVCYKKTP---IVKKFKWLQQKGCASSCPKNGFIkfFKIECCTKDNC--------
-1,---------PIASKTCPAGKNLCYK----MFMMSDLTIPVKRGCIDVCPKNSLLVKYVCCNTDRCN-------
-1,--------------TCPSTSNVCYTGRAtfpslpdFVGFNIQGCRENATGCDATTPDtmlgVTYNTKITCCSTESCNP------
-1,---------PIAHKTCPEGKNLCYK----MFMVSTSTVPVKRGCIDVCPKNSALVKYVCCNTDRCN-------
-1,---------PIAHKTCPAGKNLCYQ----MYMVSKSTIPVKRGCIDVCPKSSLLVKYVCCNTDRCN-------
-1,---------PLAYKTCPAGKNLCYK----MYMVANKKVPVKRGCIDVCPKKSLLVKYECCNTDRCN-------
-1,---------PLAYKTCPAGKNLCYK----MFMVSNKTVPVKRGCIDVCPKNSLLVKYVCCNTDRCN-------
-1,--------------TCRNGEKICFKRF---NERKLLGKRYTRGCAATCPVAKPREIVECCSTDRCN-------
-1,---------------CPDGQNLCFK-RW--QYISPRMYDFTRGCAATCPKPTNvRETIRCCGTDKCN-------
-1,-------------KTCPAGKNLCYK----MFMVSNKMVPVKRGCIDVCPKNSALVKYVCCNTDRCN-------
-1,-------------KTCPAGKNLCYK----MFMVSDLTIPVKRGCIDVCPKSSLLVKYVCCNTDRCN-------
-1,--CHNTQL-PFIYNTCPEGKNLCFKAT----LKFPLKFPVKRGCAATCPRSSSLVKVVCCKTDKCN-------
-1,-ICFNQQLwQPETTTTCPDGETSCYKK----NLINLFRIPIERGCG--CPKERGYFRLMCCKKDKCN-------
-1,--------------TCRDGENLCVKRFYE---GKRFGKKYPRGCAATCPEAKPHEIVECCSTDKCN-------
-1,-------------QTCRNGEKICFKKF---DERKLFGKRYRRGCAATCPEAKPREIVQCCSTDRCN-------
-1,-------------QICRNGEKICFKKL---HQRRPLSWRYIRGCADTCPVGKPYEMIECCSTDKCN-------
-1,--------------TCPSISSVCYTGRAtfpslpdFVGFNLQGCRENTTGCDATTPDtllgVAYNTKITCCSTESCNP------
-1,VICHDSATmtdscHPAAtgcPVTCPPGDHVCHVPPTCDtchgySYCSP----------GSCPTYCGMDEVMChdstTMTDSCHP------
-1,VICHDSATmtdscHPAAtgcPVTCPPGDHVCHVPPTCDtchgySYCSP----------GSCPTYCGMDEVMChdstTMTDSCHP------
-1,--------------TCPSISSVCYTGRAtfpslpdFVGFNLQGCRENTTGCDATTPDtllgVAYNTKITCCSTESCNP------
-1,---------PLAYKTCPAGKNLCYK----MFMVAAPKVPVKRGCIDACPKNSLLVKYVCCNTDRCN-------
-1,---------PIASKTCPAGKNLCYK----MFMMSDLTVPVKRGCIDVCPKSSLLVKYVCCNTDICN-------
-1,--CHNQQSSQtPTTKTC-SGETNCYKKWWSD----HRGTIIERGCG--CPKVKPGVNLNCCTTDRCN-------
-1,--CHNTQL-PFIYKTCPEGKNLCFKATLKK---FPLKFPVKRGCADNCPKNSALLKYVCCSTDKCN-------
-1,--------------TCRDGEKICFKRFYE---GKRFGKKFPRGCAATCPEAKPHEIVECCSTDKCN-------
-1,LICYRCpGVLGRSVRKCPNGQNLCYRRR---NFYDLLGFRARRGCAATCPNLEPYEIIKCCSRNRCN-------
-1,--------------TCPSTSNVCYTGRAtfpslpdFVGFNIQGCRENTTGCDTTTPDtmmgVTYNTKITCCSTESCNP------
-1,VMCHDSTTmtdscHPKStgcPVTCPPGDNVCHVPPPCDtcdgySYCSP----------GSCPVYCGIDEVVChdstTMTDSCHP------
-1,---------PIAYKTCPEGKNLCYK----MMLASKKMVPVKRGCINVCPKNSALVKYVCCSTDRCN-------
-1,---------PIAHKTCPEGKNLCYK----MFMVSTSTVPVKRGCIDVCPKDSALVKYVCCNTDRCN-------
-1,-------------KTCPAGKNLCYK----MFMVSNKTVPVKRGCIDVCPKNSLVLKYVCCNTDRCN-------
-1,IKCHNTLL-PFIYKTCPEGQNLCFKGT----LKFPKKTTYNRGCAATCPKSSLLVKYVCCNTNKCN-------
-1,---------PFLSKTCPEGKNLCYK----MTLKKVPKIPIKRGCTDACPKSSLLVNVMCCKTDKCN-------
-1,---------PIASKTCPAGMNLCYK----MFMMSDLTIPVKRGCIDVCPKNSLLVKYVCCNTDRCN-------
-1,--CFNQQSSePQTNKSCPPGENSCYRKQWRD----HRGTIIERGCG--CPTVKPGIKLRCCESEDCN-------
-1,-ICLNQQSSePQTTETCPNGEDTCYNKTW----NTHRGSRTDRGCG--CPKVKPGINLRCCKTDKCN-------
-1,--CYNQQSSqPKTTKSCPPGENSCYNKQWRD----HRGSITERGCG--CPTVKPGIKLRCCESEDCN-------
-1,--------------TCQDAEKICFKRFYE---GKQLGKKFPRGCAATCPEAKPHEIVECCSTDKCN-------
-1,----------KITETCPDGQNLCYK-RW--HMLAPGRYDILRGCAATCPIAQNHDSIECCAKDNCN-------
-1,--------------TCPDGKNICVKRSWTAVAGDGLKREIRRECAATCPPSKLGLTVFCCTTDNCN-------
-1,--------------TCPSNSSVCYTGRAtfpslpdFVGFNIQGCIENTTGCDATTPDtmlgVAYNTKITCCSTESCNP------
-1,--------------TCPSNSSVCYTGRAtfpslpdFVGFNIQGCRENTTSCDKTTPDtllgVTYNTKITCCSTDSCNP------
-1,VLCHDSATmtdscHPAStgcPVTCPPGDHVCHMPATCDtchgySYCSP----------SSCPVYCGADEVMChdstTMTDSCHP------
-1,VMCHDSTTmtdscHPKStgcPVTCPPGDNVCHVPPPCDtcdgySYCSP----------SSCPVHCGMDEVMChdstTMTDSCHP------
-1,VLCHDSATmtdscHPAStgcPVTCPPGDHVCHMPATCDtchgySYCSP----------SSCPVYCGADEVMChdstTMTDSCHP------
-1,---------PPFWKTCPEGKNLCYK----MYMVATPMIPVKRGCIDVCPKNSALVKYMCCNTNKCN-------
-1,-------------KTCPAGKNLCYK----MYMVATPKVPVKRGCIDVCPKSSLVLKYVCCNTDRCN-------
-1,--CHDQQSSQtPTTTGCSGGETNCYKKRWRD----HRGYRTERGCG--CPSVKNGIEINCCTTDRCN-------
-1,-------------KTCPAGKNLCYK----MYMVATPKVPVKRGCIDVCPKSSLLVKYVCCNTDRCN-------
-1,--------------TCRNGENVCFKRFYE---GKLLCKQFRRGCAATCPEAKSREIVQCCSTDECN-------
-1,--------------TCRGEEKLCVKRFYDE---KALGWRAKRGCAATCPEAKPKETVECCSTDKCN-------
-1,--------------TCRNEEKICVKRFYDKN---QLGWRAQRGCAVSCPKAKPNETVQCCSTDKCN-------
-1,----------KTTETCPDEQNLCYK-RW--HMLAPGRYDITRGCAATCPIAENHDSVECCAKENCN-------
-1,VMCHDSTTmtdscHPAStgcPITCPPGDHVCHMPPPCDGceahsYCSP----------SACPVYCGVDEVTChvmchdstTMTDSCHP------
-1,---------PLFSKTCPAGKNLCYK----MFMVAAPHVPVKRGCIDVCPKSSLLVKYVCCNTDRCN-------
-1,---------PLAYKTCPAGKDLCYK----MYMVSDKTVPVKRGCIDVCPKNSLLVKYECCNTDRCN-------
-1,-------------KTCPAGKNLCYK----MFMVSDLTVPVKRGCIDVCPKNSALVKYVCCNTDRCN-------
-1,-----------SSKTCPSGQLLCLKK-WEIG--NPSGKEVKRGCVATCPKPWKNEIIQCCAKDKCN-------
-1,-------------QICRNGEKICFKKL---HQRRALSWRYIRGCADTCPVGKPYEMIECCSTDKCN-------
-1,---------PPFYKTCAAGKNLCYK----MFMVAAPKVPVKRGCIDVCPKSSLLVKYVCCNTDRCN-------
-1,--CHNQQSSQAPTTTgCSGGETNCYKKSWRD----HRGYRIERGCG--CPSVKKGIEINCCTTDRCN-------
-1,--------------TCLNGEKICFKK---YDQRKLLGKRYRRGCAATCPVRKPREIVECCSTDKCN-------
-1,IMCHDPATmtdtcHPKStgcPVTCPAGEHVCHMPPSCDGcdgynWCSS----------YTCPVYCAMDEVMChdstTMTDTC--------
-1,-----------TTETCPDGQNVCFNQA---HLIYPGKYKRTRGCAATCPKLQNRDVIFCCSTDKCN-------
-1,--------------TCLNGEKICFKK---YDQRKLLGKRYIRGCADTCPVRKPREIVECCSTDKCN-------
-1,--CHNSPLSLVY-QTCPIGQNICFKI----NVKEAPSIPVKRACAATCPKSSALVKVVCCKTDKCN-------
-1,--CHNQQSSQtPTTTGCSGGETNCYKKRWRD----HRGYRTERGCG--CPSVKNGIEINCCTTDRCN-------
-1,-ICFNQQSwRPETTTTCPDGENTCYKKV----FMTPFRIPIERGCG--CPKERRSFRLMCCQKDKCN-------
-1,LICYKCKEGLCiTERKCSNKQNLCFKRR---KLFSPFGLRTRRGCAATCPTRKRNNAIECCSENRCNPNPK---
-1,VMCHDSATmtdscHPAStgcPITCPPGDQVCHMPPSCegcegHSYCSP----------SACPVYCGVDEVTChdanTMTDSCHP------
-1,-ICYNhQSTTPATTKSC--GENSCYKKTWSD----HRGTIIERGCG--CPKVKRGVHLHCCQSDKCN-------
-1,---------PPFWKTCPKGKNLCYN----MYMVSTSTVPVKRGCIDVCPKNSALVKYVCCNTDRCN-------
-1,-ICYNQPSSqHPTTKACP-GEKNCYRKQWSD----HRGTIIERGCG--CPTVKPGVKLHCCTTEKCN-------
-1,-------------KTCPAGKNLCYK----MFMVATPKVPVKRGCIDVCPKNSALVKYVCCNTDRCN-------
-1,--CYNQQSSqPQTTTTCA--ESSCYKKTWRD----HRGTIIERGCG--CPTVKPGIRRVCCATDKCN-------
-1,-----------TTETCSDGQNLCYAK-WFAVFPGARRPD--GGCAATCPDKVPLEIVNCCTTDKCN-------
-1,--------------TCPDGKNICVKRSWTAVRGDGPKREIRRECAATCPPSKLGLTVFCCTTDNCN-------
-1,-----------SLITCPTGSNI-----YCMNYILSSGgkKSITKRCSSICSESnnEYGLEVECCSTDGCNKHLK---
-1,---------PPFWKTCPKGKNLCYK----MYMVSTLTVPVKRGCIDVCPKNSALVKYVCCNTNKCN-------
-1,-------------KTCPAGKDLCYK----MYMVATPKVPVKRGCIDVCPKSSLLVKYVCCNTDRCN-------
-1,-------------KTCPAGKNLCYK----MFMMSNKTVPVKRGCIDVCPKNSALVKYVCCNTDRCN-------
-1,--------------TCRNGEKICFKRF---DQRKLLGKRYTRGCAVTCPVAKPREIVECCSTDGCN-------
-1,-ICFNQQSwQPETTTTCPDGETSCYKKT----LISLFRILIEKGCG--CPKERSNFRLMCCQKDKCN-------
-1,--------------TCRNGENLCIKTFYEGNL---LGKQFKRGCAATCPEARPREIVECCSRDKCN-------
-1,-ICHFDTCRAGELKVCASGEKYCFKESWREA----RGTRIERGCAATCPKGSvYGLYVLCCTTDDCN-------
-1,VMCHDSSTmtdscHPAStgcPITCPPGDHVCHMPPSCegcegHSYCSP----------SACPVYCGVDEVLChdstTMTDSCHP------
-1,--CHNQQSSQtPTTTDCSGGETNCYKKWWSD----HRGTIIERGCG--CPTVKKGIELNCCTTDRCN-------
-1,--CHNQQSSQtPTTTGCSGGENNCYKKEWRDN----RGYRTERGCG--CPSVKKGIGINCCTTDRCN-------
-1,--------------TCLNGEKICFKRYSER---KLLGKRYIRGCADTCPVRKPREIVQCCSTDKCN-------
-1,--------GGISTEECAAGQKICFKKWTKMG---PKLYDVSRGCTATCPKADEYGCVKCCKTDRCN-------
-1,---------PLAYKTCPAGKNLCYK-MYMV-----SNKTVSTGCIDVCPKNSLLVKYVCCNTDRCN-------
-1,-------------QTCHVWQNLCFKK-W------QKGKKVSRGCTATCPKPKKDEVIQCCAKDKCN-------
-1,IKCHNTPL-PFIYKTCPEGNNLCFKGT----LKFPKKITYKRGCADACPKTSALVKYVCCNTDKCN-------
-1,--CNQQSSRPKTTKTCA--ESTCYKKTWKD----HRGTIIERGCG--CPKVKPGIKLECCKTDECN-------
-1,LICFNQETYrPETTTTCPDGEDTCYSTFWNDHH----GVKIERGCG--CPRVNPPISIICCKTDKCN-------
-1,--CSYQSSTRKTTKICPDGEDVCYGKTSVGPSGPVGRTVLELGCAATCPSRTLGVNIRCCKKDKCN-------
-1,VICHDSTTmtdtcHPAAtgcPVTCPPSDHVCHMPATCDtchgySYCSP----------SSCPVYCGMDEVMChdssTMTDSCHP------
-1,-----------------PGENLCYRKMWCDVWCSSRGKVVELGCAATCPSKKP--------------------
-1,-ICYKQQSLQFPITTVCPGEKNCYKKQWS----GHRGTIIERGCG--CPSVKKGIEINCCTTDKCN-------
-1,LLCHNQQSStSPTTTCCSGGESKCYKKRW----PTHRGTITERGCG--CPTVKKGIELHCCTTDQCN-------
-1,-----------TTETCPEGQNICIKKFP---KGIPFLPWIIRGCAATCPKRDRHTYIECCAADKCN-------
-1,-------AGLQTSQTCPAGQKICFKKR-------KKGEKVSRGCAVTCPKPKKHETIQCCTENNCN-------
-1,--CYEGKVARKS-VTCPKGENLCFTIF---SFQFHPARAIEFGCAASCPKVGLGPHVTCCSANNCN-------
-1,-ICYNhQSTTRATTKSC--EENSCYKKYWRD----HRGTIIERGCG--CPKVKPGVGIHCCQSDKCN-------
-1,--CNQQSSQPKTTKTC--EESTCYKKTWRD----HRGTIIERGCG--CPKVKPGIQLECCRTDECN-------
-1,-ICYNQQSSqPPTTTTCSEGQ--CYKKSWRD----LHGWRTDRGCG--CPKTNPGIKFNCCSCNRCN-------
-1,-ICFNHQSSqPQTTKTCSPGESSCYNKQWSD----FRGTIIERGCG--CPTVKPGIKLSCCESEVCN-------
-1,-------------QTCPSGQVLCIKRWKSH----KSGNKFFRGCAAACPKPKHNENIQCCAKDNCN-------
-1,------------IMTCPQGQNICEKFAYS---PMHNGWMYSWGCTSNCHKGPLD---KCCSTDLCN-------
-1,--CNQQSSQPKTTKMCA--ESACYKKTWRD----HRGTIIERGCG--CPKVKPGIKLECCKTDECN-------
-1,-------------QTCPAGQKICFKK-W------KKGKKVSRGCAVTCPKPKKHETIQCCTENNCN-------
-1,-------------QTCPAGQKICFKK-W------KKGEKVSRGCAVTCPKPKKDETIQCCTKNNCN-------
-1,---------------CPDGQNFCFKKFP---KGIPFLPWVNRGCAATCPKPEPKVYVDCCARDKCN-------
-1,----------KTTETCADGQNICFK-RW--HMLVPGRYHVSRGCAATCPKAQNHDSVECCAKENCN-------
-1,----------KTTETCADGQNICFK-RW--HMLAPGRYHVSRGCAATCPKAQNHDSVECCAKENCN-------
-1,-------------QTCDAGEFFCKKEEAEDG----LGWtKIFKECSASCTESdSYNNRVKCCTTDICN-------
-1,--------------TCLNGENICFKR-----FNRILGKRYDLGCAATCPTVKTGI-VQCCSTDKCN-------
-1,--CHNQMsAQPPTTTRCSRWETNCYKKRWRD----HRGYKTERGCG--CPTVKKGIQLHCCTSDNCN-------
-1,--CNQQSSQPKTTTTCA--ESSCYKKTWRD----HRGTITERGCG--CPNVKPGVQINCCKTDECN-------
-1,--CNQQSSQPKTTKTCA--ESSCYKKTWRD----HRGTIIERGCG--CPHVKPGIQLVCCKTDECN-------
-1,--CNQQSSQPQTTTTCA--ESSCYKKTWRD----HRGTIIERGCG--CPTVKPGIQRVCCATDKCN-------
-1,-------AGLQTSQTCPAGQKICFKK-W------KKGEKVSRGCAVTCPKPKKHETIQCCTENNCN-------
-1,-------AGLQTSQTCPAGQKICFKK-W------KKGEKVSRGCAVTCPKPKKHETIQCCTENNCN-------
-1,-------------QTCRDGEKICFKKL---QQRRPFSLRYIRGCAATCPGTKPRDMVECCSTDRCN-------
-1,-----------SSKTCPSGQKLCFKK-WETG--KLLGTKVKRGCVATCPQPKKEWIIQCCAKDKCN-------
-1,IMCHDATTmtdscHPKStgcPVTCLAGEHVCHSPPTCDGcdgynWCSS----------YTCPLYCGVDEVIChdstTMTDTCHP------
-1,--CYNTIF-PAIYKTCPKGQNLCYLKRQRFDY---LVILVSRGCTDKCPKDG-----VCCNTDKCN-------
-1,--CYDTPF--KWhTMTCPKGQNLCF---YYFTW----KIILVRGCAATCPV--GYSHTHCCNTDKCN-------
-1,--CDQQSSQPKTTKTC--EESTCYKKTWRD----HRGTIIERGCG--CPKVKPGIQLECCGKDECN-------
-1,--CNQQSSQPKTTKCC--EENSCYKKTWSD----HRGTIIERGCG--CPHVKKGIKLTCCQTDECN-------
-1,-------------QTCPAGQKICFKK-W------KKGKKVSRGCAVTCPKPKKHESIQCCTENNCN-------
-1,--CFNHPSSqPQTNKSCPPGENSCYNKQWRD----HRGTITERGCG--CPQVKSGIKLTCCQSDDCN-------
-1,--------------TCPSTSNVCYTGRGC--------RENATGCDATTPDtmlgVTYNTKITCCSTESCNP------
-1,---------------CSEGENVCFQR---KNGTGVFGMRVVRGCAASCPSPIGGEEVSCCSTDNCN-------
-1,---------PIAYKTC-EGKNLCYK----MFMMSDLTIPVKRGCIDVCPKNSLLVKYVCCNTDRCN-------
-1,--CY-QGDNPKTIVTCPKGHHLCYKKTY------TNPKRTIRGCASRCPS-----DYSCCAANKCN-------
-1,---------------CPDGHNFCFKKFP---KGITRLPWVIRGCAATCPKAEARVYVDCCARDKCN-------
-1,--CYNhQSTTPETTEICPDSGYFCYKSSWIDG----REGRIERGCTFTCPELTPNGKyVYCCRRDKCN-------
-1,------------PVTCPPGDNVCHVPPTCDtcdgySYCSP----------GSCPVYCGIDEVMChdssTMTDSCHPASTGMP
-1,--CFNS-PGRLVSKPCPEGNNLCYK---MSNRMYPPGFNVRRGCAETCPRRNrLLEVVCCCDTDNCN-------
-1,--CHTkNSPGRETSQACPTGQNICFKK-W------KKGEIISKGCAVTCPKPKKDETFQCCLKNNCN-------
-1,--------------ECAAGQKICFKNWKKMG---PKLYDVKRGCTATCPKADDNGCVKCCNTDKCN-------
-1,-VCYThESANPKTSVLCGYGTIFCYK----SSWIYRGVEKIERGCASACPDMKPNGKhIYCCTRDECN-------
-1,------------PEECPKGQDVCfmiYERLTFTNKDDLYGVKIIRGCAEKCPDMGHHEFIECCTIDTCN-------
-1,--CYNQQSSeAKTTTTCSGGVSSCYKKTWSD----IRGTIIERGCG--CPSVKKGIERICCRTDKCN-------
-1,---------------CPEGHNYCFKKFP---KGITRLPWVIRGCAATCPKPEAQVYVDCCARDKCN-------
-1,--CYDTPF--KWhTMTCPKGQNLCF------SYFTWKGILV-RGCAATCPV--GYSNTHCCDTDRCN-------
-1,--CNQQSSQPKTTTTC--TESSCYKKTWRD----HRGSITERGCG--CPEVKTGVGIKCCETDECN-------
-1,--CNQQSSQPKTTTPCA--ESSCYKKTWKDN----RGTIIERGCG--CPNVKPGIDLMCCKTDECN-------
-1,--------GRETSQTCLAGQNICFKK-W------KKGEKTSRGCAVTCPKPKKDETIQCCTKNNCN-------
-1,-LCYNhQSTNPKTTELCGHSMYFCYK----NSWIYRGVEKIERGCSLTCPDIKSNGKyIYCCTRDKCN-------
-1,------------IQQCKEGQNLCFERKIKDDF---FGRKTVRGCADTCANPGENEKVTYCSRDNCN-------
-1,-----------SPVKCLEGENLCYSAF---KMNPVFGIEQIRGCTKDCTYPEPVLSIECCSTDKCN-------
-1,-----------TTETCLPGvHKVCYK-SWYPG--PSGGRKLDAGCAATCPRKLPLQTVECCTTDNCN-------
-1,-ICFNQQSwQPETTTTCPDGETSCYKKT----LISLFRILIEKGCG--CPK--ERSNFMCCQKDKCN-------
-1,--CYNHQSSEAQTTTsCPGGVSSCYKKTWRD----HRGTIIERGCG--CPDVKPGVGRTCCQADTCN-------
-1,LLCYTHMSNSDETTEcCQNGMTTCYNKIWSD----FRGTVIERGCG--CPKTEYRVKITCCQTDKCN-------
-1,--------------TCLNGEKICFKK---YDQRKLLGKGYIRGCADTCPKLQNRDVIFCCSTDKCN-------
-1,--CNQQSSQPKTTKTCA--ESTCYKK----DLERSRGTIIERGCG--CPKVKPGIKLECCKTDECN-------
-1,--------------QCQDGQDVCYK-RWNTTYLIL--TDVVRGCAKTCPTPIEEEEVYCCLKDNCN-------
-1,--CRSCTGALCLKIeQCKEGQNLCFERKITDDF---FGMKTVRGCADTCANPGENEKVTYCSTDNCN-------
-1,--CY-EGDNPKTVVTCPKGHHLCYKKTY------TNPKRTIRGCASRCPS-----DYSCCAANKCN-------
-1,--CYNQQSSqPQTTTTCA--ESFCYKKTW-------SGTIIERGCG--CPPLKPPIRMKCCRTEKCN-------
-1,--CYDTIF--KWhTMTCPKGQNLCF---YYFTW----RIFLVRGCAASCPV--GYSHTHCCDTDKCN-------
-1,--CYTCGGSFCeWKMPCANEEKFCY-------FVTTQNIEKKKGCARTCPEQHFG-RAYCCTTDFCN-------
-1,---------------CLYWQKVCYK-RWY------LGRSPTRGCDVTCPRKLPLENVECCSTDFCN-------
-1,--CYN---HPllqdKTIITCAFGVSSCFKKTWKV----QRETMIERGCG--CPNVKPGVRLTCCKTDKCN-------
-1,------------PITCPPGDHVCHMPPPCDGceahsYCSP----------SACPVYCGVDEVTChvtchdasTMTDSCHP------
-1,--CYDTIF--KWhTMTCPEGQNLCF---YYFTW----RIFLVRGCTATCPV--GYSHTHCCDTDKCN-------
-1,--CNQQSSQPKTTKTCA--ESSCYKKTWRD----HRGTITERGCG--CPSVKPGIQLECCKTNECN-------
-1,--CNQQSSQPKATTTC--TESSCYKKTWRD----HRGTIIERGCG--CPNVKPGVQLVCCETNECN-------
-1,LICYNDFSHTAHTVEhCQKGITTCYMKTWRV----HRETVIERGCG--CPNVKPGVKLKCCKTDRCN-------
-1,LICYnDHGFIGKTTETCENGMTTCYEKRWTEA----RGTRIDRGCG--CPNVKPGVNLNCCKTDRCN-------
-1,--CYTQySLSPPTTKTCPDGQNLCYKRLelpnapenwrsrrtcLCHAWVPLRSRSIagqskqckernkfFRGCAAACPKAEHNE------------------
-1,--------------ECAEGENLCYKKTIKEGL---WQIQIVKGCG--CPVPGENEKVTCCAKDKCN-------
-1,-----------TPTRCLKNQNLCYKMTF---FTPGFGWTQIKGCIHRCPESTPDKKVQCCSTNNC--------
-1,-ICQFNTCRPGELKVCSGEEIYCFK----ESWSTARGTRIERGCTATCPKGSvYGNYVLCCTTDECN-------
-1,---------------CLKNQKLCYKMTF---FTPGFGWTQIKGCIHRCPESTPNEKYQCCSTDNC--------
-1,--------GGISTEECAAGQKICFKKWTKMG---PKLYDVSRGCTATCPKADEYGCVKCCKTDR---------
-1,--CY-QGGNPKTIVTCQKGENLCYKKT--------LPKQTLRGCGTICPPPSA-----CCAADRCN-------
-1,--CY-KGDDPKILVTCEKGQNECYIRTF------PRPPVTIRGCTSRC-----LARVNCCSTDKCN-------
-1,--CYTCPTFICrEFQKCPPDEGTCFKR-----WNSTDKWigrRYVRGCAAACPNPVGKEKVFCCETDNCN-------
-1,------------PKKCPYGENFCYTLYKDDGMRFS-----VKGCTKSCPIAGPGETVNCCFYSGCNP------
-1,------------PMECPAGENICYFLRKYDG--TSLTDWV-KGCAKKCPIPKAGETVKCCMKKGC--------
-1,-----------STKQCPVGYHMCYTLFKPHE--KLGTKWAVKGCAKTCPTAGPNEIVNCCLTHECN-------
-1,-------------------------------------WGATRGCAATCPEAKPRETVECCATDKCN-------
-1,-MCYShTTTSRAILTNCP-GETNCYKKSRRH----PPKMVLGRGCG--CPTVAPGIKLNCCTTDKCN-------
-1,-------------QICRNGEKICFKKL---HQRRPLSR-YIRGCADTCPVGYPKEMIECCSTDKCN-------
-1,---------PETTTTCPEGEDACYNLFWSD----HSEIKIEMGCG--CPKTEPYTNLYCCKIDSCN-------
-1,--------------ECAEGENQCYKKITKEGL---LEIKIVRGCG--CPVPGENEKVTCCAKDKCN-------
-1,-----------SPKNCPAGENICYFLRKYDG--TSLTDWV-KGCAKKCPIPKAGETVKCCMKKGC--------
-1,--------------TCTSNTSVCFTGRAtfsslsdFVGFNTQGCRDNSTGCNATVSStllgVSYDTRVECCSTDNCNP------
-1,--------------TCTSNTSVCFTGRAtfsslsdFVGFNTQGCRDNSTGCNATVSStllgVSYDTRVECCSTDNCNP------
-1,--------GGISTEECAAGQKRCNKKWTKMG---PKLYDVSRGCAATCPTADEYGCVKCCNTDK---------
-1,-----------ETMTCPEGENLCYTktvPTPTHHYV------IFGGCIDSCPKSWDY---VCCRTDKCN-------
-1,--------------TCQEGQDTCY-----NAFNSSSGIPFAKGCAQKCNYLEPYNTICCCTKDNCN-------
-1,--CFnDDLTNPKTTELCRHSMYFCFKNSWIAG----GVERIERGCSLTCPDIKYNGKyIYCCTRDNCN-------
-1,-ICPSWTLSCRSFQKCPADEGMCFK-MW-NSTVRVMERTYIRGCAAACPDPVGDEKVYCCVTDNCN-------
-1,VVCHDVHTmtdscHPASigcPVTCPPGDTVCHMPPTCDtcqgyDYCHP----------GSCPVHCGMHEVMChdpsTMTDSCH-------
-1,--CFTTPSD--TSETCPDGQNICYEKRW----NSHQGVEI-KGCVASCPEFESRFRyLLCCRIDNCN-------
-1,ICCNQQSTQPKTTKSCSGGETSCYK----MSWNGIHGSITERGCG--CPTVKRGISLMCCHADECN-------
-1,---------------CADGEIYCFK---MYDVSSSESYIIANGCAETCPETTPQIEVSCCNTDFCN-------
-1,-----------TPKRCLKNQKLCYKITF---FTPEFGWTQKKGCIHRCPESTPDKKVECCATNNC--------
-1,--CHKCNETVCDLKEaCEVGKNLCF---ILQNNNDTMGMQAIQGCAETCPIAGPDQEVKCCNTDYCN-------
-1,--CY-SESRPKTSKGCPAGENDCYVKTLVAPVGRTGKKVLVGGCAATCANGMLGVNFYCCTKDICN-------
-1,--------------QCPGMDTKCYT-LYKRDENGEEKW-AXKGCAXTCPTAGPDERVKCCNTPKCN-------
-1,-------------QSCDAGEYYCKKEEAEDG----LGWtKIFKECTSSCTESdSYNNRVKCCTTDVCN-------
-1,--------------------------------VSFKGFLVVKGCAATCPTVKPKETIECCSTDRCN-------
-1,--CHDATTmtdscHPAStgcPVTCASGDHLCQVPATCDtchgySYCSPSP----------CPVYCGVDEVMChdstTMTDSCHP------
-1,------------PITCPPGDHVCHMPPSCegcegHSYCSP----------SACPVYCGVDEVLChdstAMTDSCHP------
-1,-ICHSQMSSqPPTTTFCRV--NSCYRRTLRDPH-DPRGTIIVRGCG--CPRMKPGTKLECCTSDKCN-------
-1,LICYNDHGYiGKTTETCENGMTTCYEERWREA----RGTRIERGCG--CYKVKPGVQMNCCKTDRCN-------
-1,IICRTRDTYqiPITFTNCEEG-HVCYKYSTTE---TPNRILIHRGCAAKCPK---RLRVICCSTDKCN-------
-1,--CHSCTGTVCFKLeECKEGQNLCFEwKIIGDLF----GMKTVRGCAKTCATPGENEKITYCSTDNCN-------
-1,---------------CPPYHRTCYTLYRPDG--NGEMKWAVKGCAKTCPTAQPGESVQCCNTPKCN-------
-1,--CYDCLSCPssneGSLVTCPDDSNS-----FCMNAILSNGDKQsfTKRCSSNCTErnNGFGLEIKCCSTDGCN-------
-1,--CYNTPL-PFFFQTCPKWKNNCFKRTL---YLGPLKLFNVKGCIGFCPKISG---FVCCSTNKCN-------
-1,-LCFqcDRKTSPdcSTAKKCPWYHTTCYTLYKPDDACGE--EWAVKGCAKTCPTAGPYERVKCCYKPECN-------
-1,---------------CTPGDFTCYTVYKPNG--NGGEDWVVKGCAKTCPTAGPGERVKCCYSPRCN-------
-1,--------------TCPSNSSVCYTGRAkfpslpdFVGFNIQGCREHTTSCEATTRgsmlGVTYNTEITCCSTECCNP------
-1,---------------CPSGQYYC-KKTISDAF---SGAKVSRSCAETCKESevlfGIGETVSCCTSDKCN-------
-1,------------PVTCPPGDNVFHVPPTCDtcdgySYCSP----------GSCPVYCGIDEVMChdssTMTDSCHP------
-1,--CY-KGNNPKILVTCEKGQNECYIRTF------PRPPVMVRGCTSHC-----LARFTCCSTDKCN-------
-1,IVCLDLgytlvclgGSGPYKDVVCAKDQTICYR---YIVWPIKSRMLIMRGCTSSCPERNNNL---CCSTDRCN-------
-1,-----------TTETCLPGlHKVCYK-RWHMGHPG------VAGCAVTCPRRYPIEIVECCATDKCN-------
-1,-----------TTETCLPGlHKVCYK-RWYM------GTSGDAGCAVTCPRKLPLEIVVCCATDKCN-------
-1,----------------------------CYNLYNSDGKWTVKGCAQTCPTAGPDERVKCCYTSECN-------
-1,--CNTLTEGRKEVTECPPGQTICMT----HSITNNNKTDITKGCTtfGRCARRDvfiyESEKIYCCNIDLCN-------
-1,------------PMECPAGENICYFLRKYDG--TSLTDWV-KGCAKKCPIPKAGETVECCKKNEC--------
-1,-VCLNSG-----TVTCSTNTSVCYTGkavfpslTSFSGFNNQGCQDTTTGCNATTSAsllgVTYNTTISCCSSDKCNP------
-1,--------GGISTEECAAGQKRCFKKWTKMG---PKLYDVSRGCTATCPKADEYGCVKCCNIDK---------
-1,-------------VTCPEGENHCYTNVIG----LRRSHVISRGCASSCSP----FYRTCCATDKCN-------
-1,--CHSCTGTVCFKhEQCKEGQNLCFKRKINGDF---FEMKTVRGCADTCANPGENERVTYCSTDNCN-------
-1,--CNTLIEGRKEVTECPPGQKICMT----HSISNNNRTDITKGCTtfGRCTRRNvflyESEEIHCCNIDLCN-------
-1,--CFTCTTwtlSCREFEKCPPDKGTCFKR-----WNSTGiaiRRRYTRGCAAACPNPVGNEKVFCCVTDNCN-------
-1,--CYYTGIG-KVYMTCPKEQNICYYGRI-------KKLFQYRGCAKKCPEGPGY---VCCNTDYCN-------
-1,IKCYNTPL-PLIYKTCPEGKNQCYQKSF---KIGKFKIYVSRGCTDKCPKGKA---VKCCETNKCN-------
-1,-------------VTCPEGENHCY---AMAFWVKPR-PVTIRGCASSCSSKYY----MCCPKDKCN-------
-1,------------PKRCPYFHRTCYT------LYNSGGQWTVKGCAKMCPTAGPNERVKCCYKPECN-------
-1,------------PKRCPYFHRTCYT------LYNSGGQWTVKGCAKMCPTAGPNERVKCCYKPECN-------
-1,---------------CPPHHFTCYTVYKPNG--NGGEDWVVKGCAKTCPNAGPGERVKCCYSSRCN-------
-1,-ICYNhQSNTPATTKSC--VENSCYKSIWAD----HRGTIIKRGCG--CPRVK--SKIKCCKSDNCN-------
-1,---------------CPPFHRTCYTLYKPDG----GEEWAVKGCAKGCPTAGPDERVKCCHTPRCN-------
-1,LICYSSSMN-KDSKTCQKWETVCFQEAF---KPHSSGMIILRGCASSCPKG-----YTCCATDLCN-------
-1,-----------ETVTCPEGENLCYTrtvPTPSHSYV------IFGGCTDTCTLKHIR---VCCRTDKCN-------
-1,--------GGVNTEECAAGQKICFKNWKKMG---PKLYDVKRGCTATCPKADDDGCVKCCNTDK---------
-1,-------------VTCPEGENHCYT-----TAITARPtYVIVRGCISSCSWY----YIKCCTTDKCN-------
-1,---------------CAEGQNVCYVR---VDYSDTLNLRITRGCAAMCrTTWDADEYIFCCATDNCN-------
-1,---------------CPPYHRTCYTLYRPDG--NGEMKWAVKGCAYTCPTAGPDERLKCCYYNKCN-------
-1,-VCLNSA-----EVTCSTNTSVCYTGkaifpslTSFSGFNNQGCQDSTTGCNATTQStllgVTYNTTISCCSSDKCNP------
-1,LICHRVHG----LQTCEPDQKFCFRKTTM---FFPNHPVLLMGCTSSCPTEKYS---VCCSTDKCN-------
-1,IVCldlgYTLICHRVhGLQTCEPDEKFCFRKTTM---FFPNHPVLLMGCTYSCPTAKYS---VCCSTDKCN-------
-1,LICHQLHG----LQTCEPAQKFCQKRTTM---FSPNHPVLLMGCTYNCPTERYS---VCCSTDKCN-------
-1,IVCldlgYTLICHRVhGLQTCEPDQKFCFRKTTM---FFPNHPVLLMGCTYSCPTEKYS---VCCSTDKCN-------
-1,LICYNTPLKDIS-KTCAEGENLCYYGRkdaiWNMYYI--------RGCTDKCPKGKA---VKCCETNKCN-------
-1,--------------TCAEGKNFCYSR---VDMITPRGAWMEYGCTATCTLKRIR---VCCKTDKCN-------
-1,-----------TTETCLPGlHKVCYK-RWHIGHPG------VAGCAVTCPRGYLIEIVECCATDKCN-------
-1,--CHSCTGSLCTTfAKCPDGQ-FCFRRENRTGII---RMDVVKGCTASCPDPTAPETVICCKRDNCN-------
-1,-----------EVQICPADEGMCFKM-----WNSTDRlmeRTYVRGCAAACPNPVGDEEVYCCVTDNCN-------
-1,-------------QRCPAYHRTCYT-LYKPDENGELKWAV-KGCAKTCPTARPGERVKCCTEVNCN-------
-1,---------------CTPGDFTCYTVYKPNG--NGGEEWVVKGCAKTCPTARPGERVKCCYSSRCN-------
-1,---------------CPPYHRTCYTLYRPDENCEL--KWAVKGCAETCPTAGPNERVKCCRSPRCN-------
-1,------------PVACLAGERVCHMPPTCHGcdghnYCSSSP----------CPVYCGMDEVTChdatTMTDSCHP------
-1,--CY-QGDNPKTRVTCSKGKNLCYRKTIPETM------ETLRGCTSRCPPG-----YSCCAADSCN-------
-1,-------------VTCPEGENHCYSNVIG----LRRSHVISRGCASSCSP----FYRTCCGTDKCN-------
-1,IVCLDlgytlvCVGGPVSyeDVVCEKHQTICYR----YSVCPFRGRVVImRGCSASCP---GGNNHVCCSTDRCN-------
-1,----------KTFKTCPDGQ--CIK-RWNNTDIFALK--ATRECAASCPPAKSYETIKCCAKDFCN-------
-1,---------------CQPYNRICYT-LYKPDENGEMKWAV-KGCAKTCPSAKPGERVKCCSSPRCN-------
-1,--------------------------------CLDLEFPVKRGCADNCPKNSALLKYVCCSTDKCN-------
-1,----------KTFKTCPDGQ--CIK-RWNNTDIFAFK--ATRECAASCPVAKSYETVKCCAKDFCN-------
-1,-ICHFDTCRAGELKVCASGEKYCFKESWREA----REVKIIRGCSSSCPEKK---NVFCCSTNDCN-------
-1,-ICYNhLSRTPETTEICPDSWYFCYKISLADG----NDVRIKRGCTFTCPELRPTGKyVYCCRRDKCN-------
-1,--------------QCADTQTTCFKKTVNGDF---LGFKTVRGCADSCPTPGTNEIITCCGYDHCN-------
-1,-----------SAKKCQRGENTCYTKYKRHK--KFGMRWTVKGCSIICPTPRPDEIVNCCYSPECNP------
-1,-----------SPKNCPAGENICY-FLW--KYEGTLITDWVRGCASECPIPKAGETVECCKKNEC--------
-1,-------------------------------------KWAVKGCAETCPTAGPNERVKCCSSPRCN-------
-1,LICYNTPLKDIS-KTCAEGENLCYYGRkdaiWNMYYI--------RGCADKCPEG-----YACCKTDYCN-------
-1,-ICDDSNiPSERTPKRCQGGYNICYKI----NFPTPGYElLQIKGCAARCPTNPRFPKAECCATDNC--------
-1,------------PMECPAGENICY-FLW--KYEGTLITDWVRGCASECPILKAGETVECCKKNEC--------
-1,--------------QCPGMDTKCYTLYKRDG-NGEEKWAV-KGCAYTCPTAGPDERVKCCFYNRCN-------
-1,--CYTCSyelsnSNCKTATTCPSGSGYCQTDLVTASAAGSSVTVITKNCTATCTPSSstiatASISTACCTTDLCN-------
-1,IMCHDSTTmtdscHPKStgcPVTCLAGEHVCHMPPTCDGcdgynWCSS----------YTCPLYCGVDE-----------------
-1,IMCHDSTTmtdscHPKStgcPVTCLAGEHVCHMPPTCDGcdgynWCSS----------YTCPLYCGVDE-----------------
-1,--CY-QGGNPKTIMTCKRGQSLCFKKF--------LPPPTLRGCAHRCPPNSA-----CCAANRCN-------
-1,-------------VTCPEGETYCYT-----TAITARPThVIIRGCISSCAWY----YIKCCATDKCN-------
-1,-------------VTCPEGETYCYT-----TAITARPThVIIRGCISSCAWY----YIKCCATDKCN-------
-1,--CHSCTEPPCmGHEQCSEGQNLCFEKRYQGDM---LGLRTVKGCTDTCADPGEKEIVTYCKSDRCN-------
-1,-VCLNSG-----TVTCSANSSVCYTGkavfpslTSFSGFSNQGCQDTILGCNATTSAsllgVTYNTTISCCSSEKCNP------
-1,------------PKRCPYFHRTCYT------LYNSGGQWTVKGCAKKCPTAGPNERVKCCGRRDCN-------
-1,------------PKRCPYFHRTCYT------LYNSGGQWTVKGCAKKCPTAGPNERVKCCGRRDCN-------
-1,--CNRMTSSDCSTaLRCYRGS--CYTLYRPDG--NGEMKWAVKGCAKTCPTAQPGESVQCCNTPKCN-------
-1,-ICFQCNRKSCSdcfkPKRCPIYHTTCYT---LYKPNGNGEEWAVKGCAKTCPTARPGERVKCCRTRECN-------
-1,--------------------------------------WVVKGCAKTCPTAGPGERVKCCYSPRCN-------
-1,--CY-QGDNPKTIVTCKRGQNLCYRT------ILPSKTV--RGCATLCPPNSG-----CCAANRCN-------
-1,------------IVTCEKGMNICAK-------IIGNSVFYTRKCAATCPDRKY---VDCCSTDLCN-------
-1,-------------VTCPEGENHCYTNVIG----LRRSHVISRGCASSCSP----FYRTCCATHKCN-------
-1,------------PVECAEGQDSCIS-------VHVKGFERFRGCAQNCTYPEPFEKNCCCKTDKCN-------
-1,----------PSAAICTGISNKCYT-LYKLDENGEEKWAV-KGCASTCPTAGPGERVKCCFYNGCN-------
-1,IICYKKEGSDPFTTTCLSG--ICYKKITHGRFNP------EMGCG--CPESRRGVQVSCCMIDKCN-------
-1,----------CNPKECAEGQDSCITVHTM-------GLKVIQQCAQNCTYPGPYKKICCCTDNNCN-------
-1,-----------TPKRCLKKQKLCYKITF---FTPGYGWNQIKGCIHRCHESNPLKKVQCCATNNC--------
-1,--CYQCTGENCWyrclgPRKCPIGERICYTLYKDDG-----KRFYAKGCARSCLSAGPGETVNCCFYSGCN-------
-1,----------PSAARCTGISNKCYTLYKLDE--NGGKKWAVKGCAFTCPTAGPGEKVKCCLYNGCN-------
-1,--CY-QGDDPKTVVKCEKGQNLCYRKT--------LPKQTLRGCATICPP-----TYACCAANRCN-------
-1,--CY-QGDNPITIVTCKRGQSLCYRKV--------LPPPTLRGCAHRCPPNS-----VCCAANRCN-------
-1,LICYNYWTpLDKTTECCGNGVTTCFAK----SWNDHRGRRTDRGCG--CPNVKPGIHLNCCKTDRCN-------
-1,LICYNyETPLDKTTECCGNGVTTCFAKSWRD----HRGLRTDRGCG--CPNVKPGVTINCCKTDRCN-------
-1,----------------------------CYNLYNSDGKWTVKGCAQTCPTAGPDERVNCCRGRDCN-------
-1,-----------TPKRCLKNQKLCYKITF---FTTGYGWTQKKGCIHRCHESKPDKKVQCCAKKNC--------
-1,----------------------CYTLYKRDG--NGGEKWAVKGCAETCPTAGPNERVKCCRSPRCN-------
-1,-----------SNVTCTGNDTVSFpSITSFNGFSNQGCRVNDASCNKTTTSsllgVSYNTEITCCSTDRCNP------
-1,---------------CTGIANKCYT-LYKRDENGEEKWAV-KGCAETCPTAGPNERVKCCRSPRCN-------
-1,------------PVTCPAGENVCHMPPQCEG-----CDGYNWCQPSPCPVTCGMNEMVChdsnTMTDTCYP------
-1,--CYNTPF-PLIYKTCSAEKNLCYQNTYHVG---KFITVVTRGCTDKCLK-----DYKCCNTDKCN-------
-1,--CYTCGKSPCTMKTCSKEEKFCY----LMVYPGSLNP--KGGCTQECPKETMGMLVICHTT-----------
-1,--CFnDDLTNPKTTELCRHSVYFCFK----NSRIAGGVERMQRGCSLTCPDIKYNGKyIYCCTRDNCN-------
-1,-------------------------------------KWAVKGCAETCPTAGPNERVKCCRSPRCN-------
-1,-----------SATSCPNGESTCYTKYKRHK--KFGMRWAVKGCARACPNPQRDEIVNCCYSPECN-------
-1,-------------------------------------KWAVKGCAETCPTAGPNERVKCCRSPRCN-------
-1,-------------------------------------KWAVKGCAETCPTAGPNERVKCCRSPRCN-------
-1,-------------------------------------KWAVKGCAETCPTAGPNERVKCCRSPRCN-------
-1,-------------------------------------KWAVKGCAETCPTAGPNERVKCCRSPRCN-------
-1,------------PVTCGENENYCVTTYVGVGLGGKSGQSISKGCSPICPSAGINVgiaaaSVYCCDSFLCN-------
-1,--CY-GGDNPKTIVTCKRGQNLCYRT------ILPSKTV--RGCATLCPPNS-----TCCAANRCN-------
-1,-------------VTCPEGDTHCYT----TALAIRITYPIIRGCTSScCPYY-----IKCCTTDKCN-------
-1,----------PSAAICTGISNKCYT-LYKLDENGEEKWAV-KGCAFTCPTAGPGERVKCCFYNGCN-------
-1,--------------------------RTCYTLYKSGGeEWAVKGCAKGCPTAGPDERVKCCHTPRCN-------
-1,--CNRMTSSDCSTaLRCYRGS--CYTLYRPDG--NGEMKWAVKGCAYTCPTAGPDERVKCCFYNRCN-------
-1,------------TVTCSNSSSVCYTGkavfpslTSFSGFSNQGCQEDIGRCNATTSStllgVTYNTTISCCSSDKCNP------
-1,-------------VTCSTNTSVCYTGkaafpslTSFSGFSNQGCQNTTTGCNATTQStllgVVYNTTISCCSSDKCNP------
-1,------------PVTCAAGEHVCHSPPPCEtcdgySWCSSM----------TCPITCGMNEVLChdaaTMTDTCHP------
-1,-ICLNQG-----TETCTTNTSICYTgkatfpnVTSFSGFNSQGCTTSTAGCNTTTSSSllgiTYQSTITCCSTDKCNP------
-1,------------IVTCQPWEKFCYKEVTMF-FPNHPVHL--SGCASECTETNSKF---CCTTDKCN-------
-1,-ICYNHLTRTSETTEiCPDSWYFCYKISLADG----NDVRIKRGCTFTCPELRPtGIYVYCCRRDKCN-------
-1,--CY-QGDNAKTIVTCRKGLNLCYRKTF------PKPKKTLRGCTSICPPS-----YSCCAANKCN-------
-1,IICYKRHASDSQTTTCLSG--ICYKK------ITRGRYRPEMGCG--CPESRRGVKVDCCMRDKCN-------
-1,-----------TIKTCDKRDPLCFKKLFNNPFFKAPKTL--RGCASRCPP-----DYDCCSTDLCN-------
-1,-ICYNHLTRTSETTEiCPDSWYFCYKISLADG----NDVRIERGCTFTCPELRPtGIYVYCCRRDKCN-------
-1,---------------CTGIANKCYTLYKRDG-NGEEKWAV-KGCAYTCPTAGPDERVKCCFYNRCN-------
-1,--------------TCAPNELFCTKQQTRDS--TGLVTKYFKGCAQTCvTDESYNNRVSCCATNLCN-------
-1,--------------TCAPNELFCTKQETRDS--TGLVTRYFKGCAQTCvADESFNNRVTCCTTNLCN-------
-1,-------------VTCSTNTSVCFTGkavfpslTSFSGFNNQGCQDTAKGCNATTSAsllgVTYNTTISCCSSEKCNP------
-1,IMCHDATTmtdscHPKStgcPVTCLAGEHVCHSPPTCDGcdgynWCSS----------YTCPLYCGVDE-----------------
-1,LICYNQlGTKPPTTETC--GDDSCYKMIWtYDG-------VIRRGCGCFTPRGD-MPRPRCCKSDKCN-------
-1,-ICYShTTTSRAILKDC--GENSCYRKSRRH----PPKMVLGRGCG--CPPGDDYLEVKCCTSpDKCN-------
-1,LICHQRHG----LQTCEPAQKFCFAQTVM---PFPNHPLTLMGCTYSCPTEK---NAVCCSTDKCN-------
-1,------------IVTCEKGMNICAK-------IIGNSVFYTRKCAATCPV--GYSNTHCCDTDRCN-------
-1,--CYKSLSG---TVVCKPHETICYRRLI---PATHGNAIIDRGCSTSCP---GGNRPVCCSTDLCN-------
-1,----------KTTKTC--EENSCYKR----SLPKIPLIIIGRGCG--CPLTLPFLRIKCCTSDKCN-------
-1,LVCYTNVLEPPgTLETCPD-DFTCVKK-WEGG-----GRRVTQYCSHACAIPASYEFVHCCQTDKCN-------
-1,--CYRCGVSGChLKITCAADEKFCYK------WYNKISSVRTYGCAETCTEENSWTAwVRCCTTNLCN-------
-1,--CYKCGVSGChLKITCSEDEKFCYKRYNKISFIR------TYGCAKTCTEENNWTaSVYCCTTNLCN-------
-1,--------------TCNLNSSVCFTGRAYfpvlpdfVGFNVQGCRDNSSDCGSVTSSsllgVTYNTNITCCSSDNCNP------
-1,--------------QCPGMHTKCYT-LYKLDENGEEKW-AAKGCAYSCPTPGPGERVKCCFYNGCN-------
-1,--------------QCPGMDTKCYT-LYKRDENGEEKWAV-KGCDYSCPTAGPDERLKCCYYNKCN-------
-1,--CYSGGAGVFASITCPEGSQFCQK---MDTA-----GVITKTCTSSClSSVSGLITTSCCSTDNCN-------
-1,-------------------------------------KWAVKGCAETCPTAGPNERVKCCFYNRCN-------
-1,-ICYQCNRKSCrdcfNPKRCPSYHTMCYT-LYKPNENGAEEWAV-KGCARKCPTAGPNERVNCCRGRDCN-------
-1,--CYECAlcSGLGTLTTCDSGETYCQKILA----VAAGIETVTKSCISSCTEVntpivlGIGGGTYCCNTDGCN-------
-1,----------PQAKRCTGMRTMCYTLYKRDG-NGEEKWAV-KGCAYTCPTAGPDERVKCCFYNRCN-------
-1,-MCYShTTTSRAILTNC--GENSCYRKSRRH----PPKMVLGRGCG--CPPGDDNLEVKCCTSpDKCN-------
-1,IVCYKRHASDSQTTTCLSG--ICYKK------ITRGISRPEMGCG--CPQSSRGVKVECCMRDKCN-------
-1,-------------QTCEPAQKFCQIRTTM---FFPNHPVLLMGCTYNCPTERYS---VCCSTDKCN-------
-1,--CYSTPIS-VITETCPKGMNLCYGKFHF----GKFKIFRTRGCTDKCPPGPG---TICCDTNKCN-------
-1,--CH-ITGSPNDYVVCKEHETVCFQKT-----VSPFRDrmLVLRGCSTPCPE---GDNAMCCSTDMCN-------
-1,--------------QCPGMDTKCYT-LYKRDENGEEKW-AAKGCAYSCPTPGPGERVKCCLISGCN-------
-1,----------PTAEKCPGMRTKCYT-LYKRDENGEEKWAV-KDCAYTCPTAGPDERVKCCFHNRCN-------
-1,-LCFqcDRKTSPdcSTAKKCPWYHTTCYTLYKPDDACGE--EWAVKGCARKCPTAGPNERVNCCRGRDCN-------
-1,-----------TPSRC-STDHRCYRG-WCYTLYKPdencELKWAVKGCAEKCPTEGPNERVKCCRSPNCN-------
-1,-------------------------------------KWAVKGCAYTCPTAGPDERVKCCFYNRCN-------
-1,--CFNCTDLACTKMTtklCSKGGHYCYSSQV-------DGDRVSRGCRKECPE---GVNVTCCQKDRCNIEP----
-1,------------TVVCKSHETICYR----YNIPTSHGNAITyRGCSASCP---GGIRSVCCSTDLCN-------
-1,LICY-KTKSPEVLVTCKGREKYCYKESYM---VFPLVNSYHRGCTEYCrnPNSS-----QCCATDKCN-------
-1,LICY-KTKSPEVFVTCKGREKYCYKESYM---VFPLVYSYHRGCTEYCSNPNSS---QCCATDKCN-------
-1,--CYTCGKSPCTMKTCSKEEKFCH----LMVYPGSLNP--KGGCTQECPKETTGMLVICRTT-----------
-1,--CHSCSEAPCLgREQCAESQMLCYEKKFKNDL---FGMKTVRGCADTCANPGENEIVTYCGYDHCN-------
-1,---------------CPEGQDSCYKSYWVNEfgnkqipYNKKYPVMLKRGCVTTCTGPKGLKILICCPTRNCN-------
-1,-------------------------------------KWAVKGCAKTCPTARPGERVKCCTGASCN-------
-1,------------------------------GFNNQGCQDTTTGCNATTSAsllgVTYNTTISCCSSDKCNP------
-1,--CYTCITatsnSNCNTATnCSATQGNCETIVASVSVLGFSTTSITKSCAASCtPTGGsfvvGSTSVSCCSTDLCN-------
-1,-------------VTCSNSSSVCYTGkavfpslTSFTGFSNQGCQEDIGSCNATTSAkllgVTYNTTISCCSSDKCNP------
-1,--CYNNIGTSKYEQTCPSGTDFCFSGyvgsgaaVTCDDTNLCYG----NGCTKNVPVGNGkkFDKVCCCDSDLCNNH-----
-1,-------------VTCHRDMKFCYHNT---GMPFRNLKLILQGCSSSCSETENN---KCCSTDRCN-------
-1,--------------------------------------DVIRGCIDICPKSSADVEVLCCDTNKCN-------
-1,LICYNTPI--KWIsKTCAPEEKVCYFGSVMQMF-------LIRGCAEKCPKGYG-----CCRTDYCN-------
-1,---------------CSPFHEKCYTlYQPDENWMKSSGLSHF-GCGKQCPTAGPEGRVTCCLTPRCN-------
-1,--CYNTPL-PFFFQTCPKGKNNCFKFKLRLA---SLELFNVKGCIGYCPKKRG---FVCCSTNKCN-------
-1,-----------SATSCQNGESTCYTKYKRHK--KFGMRWAVKGCARACPNPKRDEIVNCCYSPECN-------
-1,-------------------------------------KWAVKGCARKCPTAGPNERAKCCSSPRCN-------
-1,--CHECTavGNCVQPITCQDATRYCLT-----TWNSPPGQRtfVIKSCAYTCPgyqESLAYSRASCCNTDLCN-------
-1,-------------KTCPSTSNFCQKVRTYGG----NLESVQRSCVDTCTESKLsalgkaGTETSCCTTD----------
-1,--CYTCSgqssnTNCMTPTTCSASDTNCKTSVVAGGLGSLSGASITKTCTAVCTETGFNavvvsTSVSCCTTDLCN-------
-1,-----------TTITTSEVNHVCYSyKVAMDGVMNAFGEMTSTECSSIKAKSSPHFDVVCCSTDMCN-------
-1,-----------TPVQCGENENHCVTTYVGVGLGGKSGQSISKGCSPICPSAGINLgiaaaSVYCCDSFLCN-------
-1,-ICHIQiSKTHGILKTC--EENSCYK-------MSVRGWIIGRGCG--CPSAVRPRQVQCCTSDKCN-------
-1,--CY-QGTDLNTVVTCKRGQNLCFKK------VLPFKTV--RGCAHRCPPNS-----VCCAANRCN-------
-1,ITCYKRHASDSQTTTCLSG--ICYKK------ITRGRYQPEMGCG--CPESRRGVKVDCCMSDKCN-------
-1,--CYVCYGKDCSyKMNCLKKERFCYTAKYGDAFKG-------KGCAEVCLTPKESEN-MCCTTDYCN-------
-1,---------PYKLITCPEGSKKCATVP----LPTRPLPIFSKGCYTSCPS----QYVKCCSTDLCNGSP----
-1,-------------IQCPKGFNQCYKK-W--NEIGLSVRTFERGCTANCT---PNAQTQCCNTNLCN-------
-1,-----------SATKCQNGETTCYTKYKRHK--KFGMRWAVKGCARACPNPKRDEIVNCCYSPECN-------
-1,----------PSATRCTGGRTMCYT-LYKRDENGGEKWAV-KGCDYSCPTAGPDERLKCCYHHECN-------
-1,----------------------CYT-LYKRDENGELKWAV-KGCTDTCPTAGPNERVKCCRPPNCN-------
-1,---------------CPPSENSCMKY--------SNKGIVVRQCIKDCKPQEGDMEVYCCQTDGCN-------
-1,--CHACTvvnhAGVCQTKTCSHGESTCFKVLLTHSA--SRVKSYVKDCTTSCKDVksslamlqiqGFSVHVNCCDTDLCN-------
-1,--CYDSATmiescHPLSagcPVTCSPGESLCHEKPTCDtcqgyNYCHH----------GACPVYCEMHEVMC--------------
-1,-------------QTCEPAHKFCFSKTVM---PFPNHPLTLMGCTYSCPTER---NAVCCSTDKCN-------
-1,IVCLDLGNSlkcydkLKKEVTCPEGMKFCHKdvLPATHG-----NSVLVMGCTYSC---GLGPRNMCCSTDLCN-------
-1,---------------CPKGFNQCYKK-W--NLIGLSVMNIERGCTANCT---PNAQTKCCKTNLCN-------
-1,---------------CSEEQNLCF-ERW--NKNDMFGTNTVRGCTDTCAAPGENEKVTYCAFDRCN-------
-1,--CYTCADGEcKTPTQCPASSNFCKTV--------STATVFSRTCEEFCV---PGVNVYCCTSDLC--------
-1,--CYTCksetSNSKCqTPASCGEGETFCKTSVTYGGIGSLRVSFINKNCADSCSpsdvnVYAGGAYTSCCQTDLCN-------
-1,--CYTCnaqstNTNCMTATNCSATDTNCMTSVFAGGIGSLSGASITKTCTAICTETGFNavvvsTKVTCCTTDLCN-------
-1,--CYTCSLqssnSNCQTATnCASGEIQCETIVGSASAGGYSATVITKSCSSSCTPSTYGTsgasaSTSCCSTDLCN-------
-1,-----------TPVKCGENENHCVTTYVGVGLGSKSGQSISKGCSPICPSAGINLgiaaaSVYCCDSFLCN-------
-1,------------PVKCGENENHCVTTYVGMGIGSKSGQSISKGCSPICPSAGINLgiaaaSVYCCDSFLCN-------
-1,-----------TPVKCGENENHCVTTYVGVGIGSKSGQSISKGCSPICPSAGINLgiaaaSVYCCDSFLCN-------
-1,------------PVTCLAGEHVCHSPPVCagcdgYNWCSS----------HTCPLTCGMHEVLChdatTMTDSCHP------
-1,----------PANVTCGANETVCYTgkasfpsITSFAGFSNQGCSVNDVTCNRTTSStllgVTYNTTIACCGTDRCNP------
-1,-------------VTCQPEQKFCYSDTTMF-FPNHPVYL--SGCTFSCTEEGNR---RCCTTDKCN-------
-1,-------------VECSNDSTQCYKKLLESGGLFP---KYERGCATNCTTVTGKEKVTYCATDNCN-------
-1,--CYNCVDGNcKTPTECPASSNYCKTVSTPDVF------------ARTCEEFCvPGVNVYCCNTDLC--------
-1,-------------------------------------KWAVKGCAQKCPTEGPNERVKCCRSPNCN-------
-1,--CYTCvaATSNsncKTATTCSATQGYCETIVGSATFLGVTATSITKSCAATCTATGGsalgmaSAYTSCCTSDLCN-------
-1,--CHHCeSSGNCTVETCPPGQELCRTTVFYNRWkGGEELEVVVRGCAVTGKDNSsmsyrttqeiIMLKETVCDFDLCN-HPDPRP
-1,-----------SLVTCPNDSNS-----FCMNDILSyaDKQSFTKRCSSDCTESKteTGFQTTCCSTDGCNKH-----
-1,---------------------------------------IERGCG--CPKVKPGVNVKCCXTDXCN-------
-1,----TCYKGYHGTVVCKPHETICYRylIPAFH-----SNAILARGCSTSCP---GGIRPVCCSTDLCN-------
-1,--CLHSPGSPSYSV-CPGYMTICYR---YDFSPIKDKVVTVRGCSASCP---GGRNHVCCSTDMCN-------
-1,--------------TCSNGFNYCIKIKSYV----LSIESITRDCAETCAEGKtsalglVGAEVSCCNTDLCN-------
-1,---------------CTGIANKCYT-LYKRDENGEEKWAV-KGCDYSCPTAGPDERLKCCYYNKCN-------
-1,-------------------------------------KWAVKGCDYSCPTAGPDERVKCCFYNRCN-------
-1,----------------------------CDGWCTKviTGDTIGRGCSLVCASSTLGSKMECCSHDLCN-------
-1,LVCYTCDRGACvggidqWVQeTCSPDSTICYT--FYNDWNEKRAW--RKGCGfkdcAHVPGYTQGAPCEYCASDKCNNQPDDRP
-1,-------------VTCKPEETFCYSDVFM---PFRNHIVYTSGCSSYCRDGTGE---KCCTTDRCN-------
-1,--CYTSYYN---TKVCPRHETSCYRRVfhAGHGNVIDL-----WGCRTSCPWENPPE---CCSTDLCN-------
-1,------------TVVCKPQETICYRyiIPATHG-----NAITYRGCSTSCPS---GIRLVCCSTDLCN-------
-1,--CYESFFH---TVVCKPQETKCYRysVPASHG-----NAVTIRGCGTSCP---GGIRPVCCSTDLCN-------
-1,----TCYKSFSDTVVCKPHETKCFQ----YSFCPFRNRVIyVRGCSTSCP---GGNNAVCCSTDLCN-------
-1,------------PVKCGENENHCVTTYVGVGLGGKSGQSISKGCSPICPSAGINLgiaaaSVYCCDSFLCN-------
-1,-------------------------------------KWAVKGCDYSCPTAGPDERLKCCYYNKCN-------
-1,-------------------------------------KWAVKGCDYSCPTAGPDERLKCCYYNKCN-------
-1,-------------------------------------KWAVKGCDYSCPTAGPDERLKCCYYNKCN-------
-1,--CYTCKSVPNEescnkIQTCPSSKAFCKTIISRGNAESNFFTTYSAWCSDTCQEAtkiidGTHVTVSCCQFDLCNP------
-1,-MTMTESCHPKSagcPVTCLPGEHVCHEPQMFEGsdaynYCSS----------YTCPVYCRFDEVWChdpnTMVESCH-------
-1,VICY---RGYNYAQPCPPGENVCFTKTWCDARCYQLGK-----------------------------------
-1,--CYKSLSG---TVVCKPHETKCfrYSVPASHG-----NAMIIKGCGTSCPS---GIRPVCCSTDLCN-------
-1,--CYKSYHG---TVVCQTHETICYR---YVIPTSHGNANIYKGCSASCP---GGIGSVCCSTDLCN-------
-1,------------TVVCKPHETICyeYTLPATHG-----NVMNSRGCGTSCP---GGIRPVCCSTDLCN-------
-1,--------------TCPETATYCQKIRTYGG----SMESVQRLCADTCIEtkisalGAAGTETTCCTTD----------
-1,-------------QNCSQGQNSCWTSR--VRAIG-LVTVISKGCSSNCEDDSENyyvgkKNVTCCSTDLCN-------
-1,--CYTCTAassnSNCQTATnCTSGLNYCETDVASASAVGISVTTITKFCTSSCTptstsYYVGSTSTSCCSTDLCN-------
-1,--CYTCvsATSNsncMTPTTCLSTEGYCETSVGTATLLGVTATSITKSCAASCTASSgsvlgvGSGSTSCCTTDLCN-------
-1,-----------SDVTCSTNTSVCFTGKAtfssiSVGFNTQGCRE-PAGCnstvNGTLLSVNYQTKIDCCSSDKCNP------
-1,-----------TPVKCAENEEHCVTTYVGVGIGGKSGQSISKGCSPVCPSAGINLgiaaaSVYCCDSFLCN-------
-1,------------PVTCPPGDNVCHVPPACDtcdgySYCSP----------GSCPVYCAMDE-----------------
-1,------------PVTCPPGDNVCHVPPACDtcdgySYCSP----------GSCPVYCAMDE-----------------
-1,--------------ECASGE---YCISGYQGFSSFDFRLYFWGCGSNlgglCPTNKVFDVYNCCTTDLCNGPP----
-1,ILCLDFG----HTVTCHKTdvftktciSPICYEKIT-------SAFIIERGCG--CPETSRKVKVRCCMTDKCN-------
-1,--CY-QGDKPKIVVRCKREEHLCFK--------TILPDKVVRGCTSECPPYTP-----CCAANRCN-------
-1,------------IVPCEKGMNRCAK-------IIGNSVIYTRKCAATCHDRKY---VDCCSTDLCN-------
-1,---------------CTGIANKCYT-LYKRDENGEEKWAV-KNCAYTCPTAGPDERVKCCFYNGCN-------
-1,--CY-QGTDLKTVVTCPNQHQQCFKLT------STFPPKTMRGCGFLC-----LSRATCCSTDLCN-------
-1,--CYTCASessnSNCMTVTnCSAAETNCMTSVVAGGIGGFSVATITKTCTAVCAETGINavvvsTKVSCCTTDLCN-------
-1,-----------SLVTCPTGSNsYCGKTIVSAGSIQS----ITKKCLNICTELntGSGLQTTCCSTDGCNKH-----
-1,------------PVTCPPGDNVCHVPPPCDtcdgySYCSP----------GSCPVYCAMDE-----------------
-1,------------PVTCPPGDNVCHVPPPCDtcdgySYCSP----------GSCPVYCAMDE-----------------
-1,------------PVTCPPGDNVCHVPPPCDtcdgySYCSP----------GSCPVYCAMDE-----------------
-1,--CY-EGDKPKTVVKCKIGENLCFTTILSD--------KTIRGCAHRCPP-----KSSCCAANRCNRF-----
-1,--CHTCKGLLCfDPKPCPEGLDQCFKNVTL-SLGLIPVLKIEKGCTTNCTQTWTD---KCCETDKCN-------
-1,------------TVTCTGTDTQCY--LSYQTGLLGGKINVNQGCITNCTTEPARI-IECCSTDKCN-------
-1,------------------------------------MKWAVKGCARMCPTAKSGERVKCCTGASCN-------
-1,------------PVTCPPGDHLCHMPATCDtchgySYCSP----------SSCPVYCGVDE-----------------
-1,--CYKSLSG---TVVCKPHETKCYRysLPATHG-----NAVTIKGCGTSCPT---GIRPVCCSTDLCN-------
-1,IVCLDLGYTLKcyNPKT-AEGYEVCKEHETkCIGYNICLFRnhaVVVRGCGASCPTENL---PVCCSTDMCN-------
-1,IVCLDLGyTLKCYKSHAPGGYEVCKEHETkCIGYNIcvfRNRAIVVRGCGASCPTKNL---PVCCSTDMCN-------
-1,----TCYKSFSYTVVCKPHETKCYRysLPASHG-----NAVTIWGCGTSCPT---GIRPVCCSTDLCN-------
-1,--CHTCKGLLCfDPKPCPEGLDQCFKNVTL-SLGLIPVQTFERGCTANCT---PNAQTKCCKTNLCN-------
-1,--CYTcseqQSNENCLNQTvCGDNETFCMTSVFSYGMYILEIFGINKECASSCSPLDIhspvtSISVSCCSTDLCNvsnaPGVKSSP
-1,--CYTCSgqstnTNCMTATNCTASQTYCKTSVIAGGIGSLSAATITKSCESICTSVSLsaivvSTSVSCCSTDLCN-------
-1,----------CKAKTCNSGESFCGKTVMTPNF-GNNVKSYVMDCAASCEEFkkshsnslGFSVESTCCTTDLCN-------
-1,--CYTCASqssnSNCMTATnCSATDTSCMTSVVSGGIGSLSIASITKTCTAVCNETGINavvvsTKVSCCNTDLCN-------
-1,--------SSCRPKTCTAEETICAKAV-LTSQLGPPVKSYIMDCATSCEKVketfleiipqGFSGDVSCCNTDLCN-------
-1,----TCYKGYHDTVVCKPHETICYRylVPATHGNAIP-----ARGCGTSCP---GGNHPVCCSTDLCN-------
-1,--CYTSFHG---TVVCQPHETKCYR---YIAPGTHGHALTIRGCDTYCP---GGMRPVCCSTDLCN-------
-1,--CYTCTGqsSNAQCMTaanCTASETSCETTVVAGGIGALSAAVITKQCVASCTASSFGvsaasTTVSCCNTDLCN-------
-1,--CYTCvaATSNsncKTATNCTSGLTYCETDVASVSVAGISTTSITKFCSASCTATSLNAYVgststSCCTTDLCN-------
-1,-----------SKVTCTTNTSVCYSTRssIFGGFGSYGCSNDTLGCAGNISSslfgATYTTNTTCCSSDSCNP------
-1,------------PVTCPPGDHVCHMPPTCDtchgySYCS----------THSCPVYCGMDE-----------------
-1,------------PITCPPGDQVCHMPPSCDGcqghsYCSP----------GSCPVYCGIDE-----------------
-1,--CYTCSSessnSKCMTATnCSATDTSCMTSVVSGGIGSLSAATITKTCTAVCAETGFNavvvsTKVSCCNTDLCN-------
-1,------AKSAGCPVTCQPGEHVCHTPAPMpdgmaHNWCSPGHCPVT--CDAQSEVHCPFVAPPGCTGDAC--------
-1,IVCHTTATSPISAVTCPPGENLCYRKMWCDAFCSSRGKVVELGCAATCPSKKPYEEVTCCSTDKCNPHPKQRP
-1,LLCHTTSTSPISTVTCPSGENLCYTKMWCDAFCSSRGKVIELGCVATCPQPKPYEEVTCCSTDKCNPHPKQRP
-1,LKCYLSSTH---SKDCAAGEDLCYTKTWCDAWCSQRGQRVELGCAATCPTAKPRVTVKCCSTDNCNTFPVQ--
-1,---------------CPPGEDLCFTRTWRDGHSGNRGPRVDLGCAATCPTTdKTEIHISCCSEDDCNTFPQwERP
-1,---------------CPPGEDLCFTRTWRDGHSGNRGPRVDLGCAATCPTTdKTEIHISCCSEDDCNTFPQwERP
-1,-----CYLAPRDTQICAPGQEICYLKSWDDGTGFLKGNRLEFGCAATCPTVKPGIDIKCCSTDKCNPHPK---
-1,IMCHDPatmtdschPKSTGCPVTCPAGEHVCHMPPSCDG-CDGYNW-----CsSYTCPVHCGIDEVMChdttTMTDTCHPASTGCP
-1,LVCFTCTDassnwGCLASTICPSDANYCVTTYIGAGIGGHSGQSISKGCASVCPSGGINIgiaaaSVSCCSSFLCNTSGA---
-1,LVCFTCTDassnwGCLASTICPSDANYCVTTYIGAGIGGHSGQSISKGCASVCPSGGINIgiaaaSVSCCSSFLCNTSGA---
-1,--CYEGKVARKS-VTCPKGENLCFTI---FSFQFHPARAIEFGCAASCPKVGLGPHVTCCSADNCN-------
-1,LQCYECYGVPietsCPAVTCRASDGFCIAQNIELIEDSQRRKLKTRQCLSFCPAGVPirdpniRERTSCCSEDLCN-------
-1,LQCYECYGVPietsCPAVTCRASDGFCIAQNIELIEDSQRRKLKTRQCLSFCPAGVPikdpniRERTSCCSEDLCN-------
-1,LFCFSCEDSasnwgCLSPVACPSEANYCVTTYVGATIGGQSGQSISKGCAPVCPSAGINLgvlaaSISCCSSFLCN-------
-1,--CYEGKVARKS-VTCPKGENLCFTI---FSFQFHPARAIEFGCAASCPKVGLGPHVTCCSANNCN-------
-1,--CYEGKGTRKS-VTCPKGEKVCYT--TFLVGPSQPEKILKWGCAASCPKVGLGARISCCSRDKCNSH-----
-1,IMCHDSTTmtdschpkSTGCPVTCLAGEHVCHMPPTCDG-CDGYNW-----CsSYTCPLYCGVDEVIChdsaTMTDSCHPAATGCP
-1,IMCHDATTmtdschpkSTGCPVTCLAGEHVCHSPPTCDG-CDGYNW-----CsSYTCPLYCGVDEVIChdstTMTDTCHPAATGCP
-1,LECYNClgvsLGIACKSITCPYPDAVCISQQVELIVDSQRRKVKNKLCFPFCPANLENMEIlgttvnvntSCCKEDLCNaPFSTG--
-1,--CY--PMSTGCPITCPAGDNVCHEPPTCTG-CHGYSW-----CSPSpCPITCGTGEVVChdsyTMTDSCHPASTGCP
-1,LECYHCPDDPressCNTTTCPFPDGFCVTQEAEIIVDSQRRKVKSHKCLSYCPTDLENstikdpkvkVKISCCQEDLCN-------
-1,--CH--PASTGCPITCPPGDNVCHMPPTCDGCQGHS------YCSPsSCPVYCGADEVMChdstTMTDSCHPKSTGCP
-1,--CH--PASTGCPITCPPGDNVCHMPPTCDGCQGHS------YCSPsSCPVYCGVDEVMChdstTMTDSCHPKSTGCP
-1,--CFQCTGenywyRCSGPKKCPYGENFCYT-----LYKDDGMRFSVKGCTKSCPIAGPGETVNCCFYSGCNP------
-1,--CNQQSSQPKTTTVCPDGEKSCYKKSWRD----HRGTRSERGCG--CPTVKPGVNRECCDTDECN-------
-1,LVCFSCSDassnwACLTPVKCGENENHCVTTYVGVGLGGKSGQSISKGCSPICPSAGINLgiaaaSVYCCDSFLCN-------
-1,LVCFSCSDassnwACLTPVKCGENENHCVTTYVGVGLGGKSGQSISKGCSPICPSAGINLgiaaaSVYCCDSFLCN-------
-1,--CH--PVSTGCPVTCLAGEHVCHSPPTCEG-CHGYSW-----CSPsTCPVTCGVDEIVChdsnTMTDSCHPISTGCP
-1,--CH--PKSTGCPVTCPPGDNVCHVPPACDT-CDGYSY-----CSPgSCPVYCAMDEVLChdsaTMTDSCHPASTGCP
-1,------------PVTCPPGDHVCHMPPTCDT-CHGYSY-----CSPySCPVYCGIDEVMChdsaTMTDSCHPASTGCP
-1,-ICYnQQSSQPPTTKTCSEGQ--CYKKTWSD----HRGTISERGCA--CPNVKPGVKISCCSSDKCNG------
-1,--------------------------------CGSRGRRVDLGCAATCPIVKPGVNINCCSTDNCNPFPK---
-1,LTCYNCIAVPlnttCSTATCPYSDGVCVSQVVEAVKDSVKGKAKSNLCLPGCPKfpqrteilgTVVYTKISCCNTDFCNAAG----
-1,LKCYTGTTDAQVSITCPMGGDKCAATTVGgakVGYCSSSLSAMGFKCDASKEVNGVNIKTCCCSTDNCN-------
-1,LNCYNCTMIPFgntcsSTATCPYPDGVCAIQVAEVVMSSVRQKVKDHICLPVCPTspqtteilgTVVDMKISCCNTDLCNAAG----
-1,LTCFSCKDatsniHCLSTTKCSDNEKYCLTSYTTSGYGNDRNQRITKKCSAFCPTIDLNIGIagvatSCCETSLCN-------
-1,LECYQCYGVPfetsCPSFTCPYPDGFCVAQEEEFIANSQRKKVKSRSCHPFCPdeiekkfilDPNTKMNISCCQEDLCNAAvPTG--
-1,------------PVTCPPGDNVCHVPPTCDT-CDGYSY-----CSPgSCPVYCGIDEVMChdssTMTDSCHPASTGMP
-1,-ICYSCTRRPCWGLQhCAEGQNLCYEKKF---KDDPFGMKTVKGCTDNCTIPGQNEKVTCCSYDKCN-------
-1,------------PVTCPPGDHVCHVPPTCDT-CHGYSY-----CSPgSCPTYCGMDEVMChdstTMTDSCHPKSTGCP
-1,LKCYSCIEVPlnanCSTATCPYSDGVCVSQVLEAVEGSVRRTAKSNLCLPICPKfpqrteilgTVVYTKVSCCNTDLCNAAG----
-1,--CYTQYSlSPPTTKTCPDGQNLCYKRwFAFIPHGNKF----FRGCAAACPKAEHNEVVRCCARDKCN-------
-1,--CYTCPTFICREFqKCPPDEGTCFK-RWN-STDKWIGRRYVRGCAAACPNPVGKEKVFCCETDNCN-------
-1,--CH--PAKTGCPITCPPGDQVCHMPPSCDGCQGHS------YCSPgSCPVYCGIDEVMChdstTMTDSCHPKSTGCP
-1,LTCLICPeKYCNKVHTCRNGENICFKRFYEGNL---LGKRYPRGCAATCPEAKPREIVECCSTDKCN-------
-1,------------PVTCPPGDHVCHMPATCDT-CHGYSY-----CSPsSCPVYCGADEVMChdstTMTDSCHPKSTGCP
-1,LNCYNCTMIPFgntcsSTATCPYPDGVCTIQVAEVVVSSVRLKVKSNLCLPGCPKspqtpevlgTVVHVNTDCCNTDLCNAAG----
-1,-------KSDGCPVTCPEGQHSCHTPPTCDG-CEGHNY-----CtSENCPVACTTNETLChdsdTMTDSCHPISQGCP
-1,LKCYNCLGVPletsCNTTTCPYSDGFCVTQVAEVV-DTHTNKVKSSMCFPSCPTYPENTEIlgitiklktSCCKADLCNAAvPTG--
-1,--CFLCSGfVCFYPEECPKGQDVCfmiYERLTFTNKDDLYGVKIIRGCAEKCPDMGHHEFIECCTIDTCN-------
-1,------------PVTCPPSDHVCHMPATCDT-CHGYSY-----CSPsSCPVYCGMDEVMChdssTMTDSCHPASTGCP
-1,--CYSCTENICLQhEQCQDGQDVCYK-RWNTTYL--ILTDVVRGCAKTCPTPIEEEEVYCCLKDNCN-------
-1,--CH--PMSTGCPVTCAAGEHVCHSPPTCQG-CHGYNW-----CSPsTCPITCGLNEMACwdsvTMTDSCYPMSTGCP
-1,LQCYQCVgatqDSTCKQSTCPFPKGVCVTQEVGMAMGS--RKMKNKFCLPTCPKGknmsiknipligkMIHSKTSCCSEDLCN-------
-1,--CFnQQSSQPQTNKSCPPGENSCYRKQWRD----HRGTIIERGCG--CPTVKPGVKLRCCQSEDCN-------
-1,-----------TTETCPDGQNVCFNQ-AHLIYPGKYKR--TRGCAATCPKLQNRDVIFCCSTDKCN-------
-1,LECHNQQSSQTPTTTgCSGGENNCYKKEWRDN----RGYRTERGCG--CPSVKKGIGINCCTTDRCN-------
-1,LECHNQQSSQTPTTTgCSGGETNCYKKRWRD----HRGYRTERGCG--CPSVKNGIEINCCTTDRCN-------
-1,-----------TTETCLPGvHKVCYK-SWYPG--PSGGRKLDAGCAATCPRKLPLQTVECCTTDNCN-------
-1,LLCYQClgVTSEISETTCPPancsyPDGVCISQEVETIIDSHKVKTKNKFCVPVCPDKNYDGNFdflgvqvftklSCCNKDLCNAAvPTG--
-1,LLCYQClgVTSEISETTCPPancsyPDGVCISQEVETIIDSHKVKTKNKFCVPVCPDKNYDGNFdflgvqvftklSCCNKDLCNAAvPTG--
-1,--CRSCTGaLCLKIEQCKEGQNLCFERKITDDF---FGMKTVRGCADTCANPGENEKVTYCSTDNCN-------
-1,--CFECNRETCSNcfkdNRCPPYHRTCYT--LYRPDGNGEMKWAVKGCAQKCPSAQPGESVQCCNTPKCN-------
-1,LNCRKCDeTVCQLYWTCTEAETLCY---ILKNKTDTMGLQAIQGCAETCPVPEPDQEVKCCKTDYCN-------
-1,LICNKCSVSVFgfclgnSTETCAANQ-ICYTGKASFPDVTSFSGFNRQGCRDntTCTsstgsllGVTYNVNITCCSTDRCNP------
-1,---------PLAYKTCPAGKNLCYKMYM----VSNKTVPVKRGCIDVCPKNSPLVKYECCNTDRCN-------
-1,-ICFNhQSSQPQTTKTCSPGESSCYHKQWSD----FRGTIIERGCG--CPTVKPGINLSCCESEVCN-------
-1,LTCKTCPFNTCAdSETCPVGKNICYQRKWNEN----NGKKIERGCVANCPELGsHDTSLLCCRRDDCN-------
-1,LKCHECSGieDCYKPKTCSSQSLYCLT-----NWYTPPGQQttVTKTCAYTCPDinhVTANSKSSCCNTDLCN-------
-1,--CFQCTSQnygskCLSAKKCQRGENTCYTKYKRHKKFG--MRWTVKGCSIICPTPRPDEIVNCCYSPECNP------
-1,LTCNSCSASvfgfclSSSNVTCSGDNQTCYTGKATFPSVSSFGGFSNQGCRlnTTCTNATgtllgfnYNVNFSCCATDNCNP------
-1,LMCFSCTDQknninCLWPVSCSSTDNYCITLSAAAGFGNvNLGYTLNKGCSPTCPRENININLgvasvnsYCCQSSFCN-------
-1,-ICYN-HQSTTRATTKSCEENSCYKKYWRD----HRGTIIERGCG--CPKVKPGVGIHCCQSDKCN-------
-1,LRCLNCPEVFCRNFhTCRNGEKICFKRF------DQRkllGKRYTRGCAVTCPVAKPREIVECCSTDGCN-------
-1,IKCYNGATGAMTSLTCPSG-NKCAATTVGGVktaYCASGLSAVGFKCDSSKEVNGVNIKTCCCSTDDCN-------
-1,------------PVACLAGERVCHMPPTCHGCDGH------NYCSSSpCPVYCGMDEVTChdatTMTDSCHPASTGCP
-1,---------------CTPGDFTCYT--VYKPNGNGGEDWVVKGCAKTCPTAGPGERVKCCYSPRCN-------
-1,LKCHKL--VPPFWKTCPEGKNLCYKMYM----VATPMLPVKRGCIDVCPKDSALVKYMCCNTDKCN-------
-1,LICYSQ-MYNEIIKTCENGETTCYSKTWRD----HRGTRLEKGCG--CPPVKYDMIVKCCKTDRC--------
-1,------------TMTCPEGQNLCF-------YYFTWRIFLVRGCTATCPV--GYSHTHCCDTDKCN-------
-1,-----------TTQNCPAGQNLCF---IRRHYINHRYTEITRGCTATCPKPTnVRETIHCCNTDKCN-------
-1,LKCYTCGKSPCTMKTCSKEEKFCY----LTVYPGSLNP--KGGCTKECPKETLGMLVICRRTD----------
-1,LKCYTCGKSPCTMKTCSKEEKFCY----LTVYPGSLNP--KGGCTKECPKETLGMLVICRRTD----------
-1,---------RGCPVTCPEGQNVCHSPPTCDT-CPGSNY-----CfAGTCPVTCGATETFChdpnTGAESCHPISDGCP
-1,---------PLFYKTCPEGKDLCYKMNF---KLLPKKLSIKRGCTDTCPKSSLLVKVVCCDTDKCN-------
-1,-----------TTENCPDGQNLCFK-KWY--YIVPRYSDITWGCAATCPKPTnVRETIRCCETDKCN-------
-1,LKCYTCKTQlsnsnCQTSVECANGTTACKTDVINVVGLFS---IINKECAATCEQrfqdfTVGKQNVSCCTTNGCNVNGAG--
-1,--CY--PVKHGCPVKCEKGENVCHSPPTCETCSGHS------FCSATpCPVTCGMNETMChdpeTMTDSCHPLNEGCP
-1,----------QTSQTCPAGQKICFKKW-------KKGKKVSRGCAVTCPKPKKHESIQCCTENNCN-------
-1,---------RGCPVKCPKGEHACHEPPACDG-CSGSNW-----CSmSPCPVHCKSDEIMChdmeTMTDACYPMKHGCP
-1,LFCYTCDNehsnwNCLKTYKCEDHEKYCITTYSTSGFGKDTGYRITKKCSADCPETNMNfgvaaISTKCCGTSLCN-------
-1,LKCHKL--VPPFWKTCPEGKNLCYKMYM----VATPMLPVKRGCIDVCPKDSALVKYMCCNTNKCN-------
-1,VVCLQCNSktywKCLSPKNCPAGENICY---FLRKYDGTSLTDWVKGCAKKCPIPKAGETVKCCMKKGC--------
-1,------PKSTGCPVTCPADQHMCHQPQTpGDPHCIAFNW-----CSPTpCPPTCTEDQTYCMFmpppdcvgdacvgADTCAPKSTGCP
-1,LVCFSCTDQksnlkCLWPTVCPSSDNYCVTVSATAGFGDiNLGYTLNKGCSEICPRENINVNLgvasvnsYCCRHSFCN-------
-1,LQCHECSTgeNCYKPTSCPSLSRYCL-----INWHTPPGQQptITKTCAYTCPdsqQALDNSKSFCCNTDLCN-------
-1,LQCYSCTAqvsnqDCLNVKNCTPGQTQCWTSRVRAIGLVTL---ISKGCTSECVDdaenyYVGKKNITCCSTDLCNTSGA---
-1,-----------TPTRCLKNQNLCYKMTFFTP---GFGWTQIKGCIHRCPESTQNEKYQCCSTNNC--------
-1,LMCFSCTDQknninCLWPVSCQEKDHYCITLSAAAGFGNvNLGYTLNKGCSPICPSENVNlnlgvasVNSYCCQSSFCN-------
-1,---------------------------VCLSYQEKNGLVVPVGCAPkvTCTEYGPNVSVTCCSTDLCNP------
-1,LMCFSCTDQknninCLWPVSCQEKDHYCITLSAAAGFGNvNLGYTLNKGCSPICPSENVNlnlgvasVNSYCCQSSFCN-------
-1,LECYTCGKSPCTMKTCSKEEKFCH----LMVYPGSLNP--KGGCTQECPKETTGMLVICRTTN----------
-1,LRCHECTavGNCVQPITCQDATRYCLT-----TWNSPPGQRtfVIKSCAYTCPGYqesLAYSRASCCNTDLCNGAG----
-1,LRCYNCisqnDGRCQSySRTCASNEAFC------ANAYSPYNRLTVKGCVATCTagqtsqtlnGVTYPVTTSCCNTDNCN-------
-1,----------QTSQTCPAGQKICFKKW-------KKGEKVSRGCAVTCPKPKKHETIQCCTENNCN-------
-1,----------QTSQTCPAGQKICFKKW-------KKGEKVSRGCAVTCPKPKKDETIQCCTKNNCN-------
-1,LKCYNCVSEDSNckrfSETCLVGQNYCVKSVV------NNTRMTVKGCSSVCPVTKPNTkldfsnqgvrftaNVFCCEHDNCN-------
-1,-ICHSQmSSQPPTTTFCRV--NSCYRRTLRDPHD-PRGTIIVRGCG--CPRMKPGTKLECCTSDKCN-------
-1,-ICYNHLSRtPETTEICPDSWYFCYKISLADGND----VRIKRGCTFTCPELRPtGKYVYCCRRDKCN-------
-1,---------------------------VCLSYQEKNGLLVPVGCAPkdSCTEYGPNVSVTCCSTDLCNP------
-1,------PMSEGCPVDCAPEENKCIEPPMCE-FCSGFQW-----CSAdPCPVMCGMNETMCWDEtsqmDVCMPMSEGCP
-1,LECYTCGKSPCTMKTCSKEEKFCY----LMVYPGSLNP--KGGCTQECPKETMGMLVICHTTN----------
-1,-VCY--PKSTGCPVTCSAGENKCTTPPSTTDGVGS------QWCSATpCPPSCSEDQMLChfmpppgctgdaCSgADSCHPKSTGCP
-1,LICYTCNAQPsndlcMVADDCPNNAKYCGTTVVMNPPGFSSGIRISKMCMVMCqetRQNNGSMSTTCCHTDYCNYNSA---
-1,LQCYSCKAQvknsnCLNVQNCSQAETQCRTERIRA---AGFLTIISKGCSSDCVDeaqdyYVGKKNITCCSTDLCN-------
-1,-------------VTCGTNE-VCFTGKATFPSISSFGGFSNQGCRAndgfcnnvsngTLLGIRYIVDLSCCSTDSCNP------
-1,---------PLIYTTCPIGQDKCVKMTI---KKLPSKYDVIRGCIDICPKSSADVEVLCCDTNKCN-------
-1,LECHTCKGlLCFDPKPCPEGLDQCFK-NVTLSLGLIPVQTFERGCTANC---TPNAQTKCCKTNLCN-------
-1,LKCHKCNqTVCDLKEACEVGKNLCF---ILTNNNDTMGIQAIQGCAETCPIAGSDQKVKCCDTEYC--------
-1,----------------------------CGGHLSSIGQcgedWVVKGCAKTCPTAGPGERVKCCYSPRCN-------
-1,IICRSCTGpICRTFKNCSDAQ-ACY-QMWTDADV--LKLKLVRGCADTCSFPGPGEKRLYCSTDNCN-------
-1,LVCKSCPDWKCaltPGVECSNDSTQCYKKLLESGGLFP---KYERGCATNCTTVTGKEKVTYCATDNCN-------
-1,--CHECsaTGNCFQPTVCRDGSRYCLTTWTTPPD---HETIVIKSCAYTCPGYqesLAASRALCCNTDLCN-------
-1,IQCNRKTWSNCSiGHRCLPYHMTCYT--LYKPDENGEMKWAVKGCARMCPTAKSGERVKCCTGASCN-------
-1,LLCYSCkaqvsNEDCLNVENCTQPGEQCWTERILLAIlrpaqGDSRASVISKGCSSNCVDdsqdyYVGKKNITCCDTDLCN-------
-1,LRCHVCTSSsnCKQPEVCPASSHFCKTLNTVEPL---RGNLVKKDCAESCtPSYTLQGQVSsgtgsiqCCQEDLCN-------
-1,IECYSCSTSTTTPNTgcmtetladsnrknCTTGLNYCTTSTIYAEFLNRTTVTTVRDCAllnvtgITCTniIGVGQTYTSTCSTDNCNtgtnadTNPTVCP
-1,--------SAGCPVTCAAGENTCHSPSTCD-QCHAYNW-----CSQEdCPITCTANQVKCYSygnennnwkhTEECHPKATGCP
-1,-----------SPVKCLEGENLCYS---AFKMNPVFGIEQIRGCTKDCTYPEPVLSIECCSTDKCN-------
-1,LKCHQClaSGNCFQPTSCRADARYCLT-----TWNSPPGQKtlVIKSCAYTCPgfqESLSYSRASCCNTDLCN-------
-1,LQCYTCasvtsNANCMTTTNCSSNNTYCQTSVASALGLS----VINKTCSSSCTSasasfAGFSSSVSCCSSDLCN-------
-1,-QCNQKTSSDCTeARRCSPFHEKCYT-----LYQPDENWMKSsglshFGCGKQCPTAGPEGRVTCCLTPRCN-------
-1,LECHTCKGlLCFDPKPCPEGLDQCFKNVTLSLGLIPVLK-IEKGCTTNCTQTWTD---KCCETDKCN-------
-1,--CYTGTTDAMVSITCPSG-NKCAATTVGgnkVGYCAVGLSALGFKCDSSKEVNDVSIKTCCCSSENCN-------
-1,LQCHFCsgyqDTSQCVTMACPRDHNVCFTGSVTVttgNSSSGDGQLQHKGCAPSCdyfsktlealvdtkiikdlvPQGLSKLEVqkeTCCDKDLCSGVAQ---
-1,IQCYSCTASSNTPsngcatgalsstskVSCPAGRRYCLTTTIYTTGLGISTVSTVRGCSAVpnsgtlCSNIGGmtsRAYYSTCSTDNCN-------
-1,LICFSCTDQksnmkCLWPTVCPSSDNYCVTVSAAAGFGDahyvlplnltlhtgnvNLGYTLNKGCSEICPRENINvnlgvasINSYCCQHSFCN-------
-1,--CYS--KSSGCPVTCADGDNVCTAPPsTADGMGSQW-------CSATaCPITCAETEIICpftpppdCTDDacsgpeSCHPKSSGCP
-1,LQCYSC-EDQGNNEGCQRVQN-CRTSagpsvSWARAEGISLLTVISKGCSSHCVEDSGNSfgskkNIACCSTDLCN-------
-1,LICNKCSfgmmGRCMNlvNETCSTNSSVCYSGKSAFPMLPDSMGLRSLGCkenSTGCDATtngtlmgfTYENHITCCSTDNCNP------
-1,-ICHTPATgtdtcvakSAGCPVQCPTGEHMCHT-PAGCPTCDAVNW-----CSPmPCPVTCAADEVMCpftmptgctgdaCSgSDTCAKKTAGCP
-1,------PKSAGCPVTCMAGEHMCHHPPLpGDIHGMGMNW-----CSSTpCPPTCTESETYCpfmpppgCMgdacmgADTCAPKSAGCP
-1,LKCYSCgdvnrPEDCKSTIECPSSDHQCI---LVKSFNSQFMEVFKLGCALGSICDSANLETSCCSSDLCN-------
-1,------PKSAGCPVTCMAGEHMCHHPPLpGDIHGMGMNW-----CSSTpCPPTCTESETYCpfmpppgCMgdacmgADTCAPKSAGCP
-1,-ICYSHKASlPRATKTC--VENTCYKMFIR----THRQYISERGCG--CPTAMWPYQTECCKGDRCN-------
-1,IVCRSCTGLLCATfKTCPDAQ-ACY-QMWKDTDILKLN--LVKGCAANCTLPAPGERYLYCSKDKCN-------
-1,--CNQPNCDFLPSIQCPKGFNQCYK-KWNEIGLSV--RTFERGCTANC---TPNAQTQCCNTNLCN-------
-1,LQCYTCRDQvsnenCLKVQNCTESETQCWTKRIRAI---GLLTVISKGCSSHCEDdsqdyYVGKKNITCCDTNLCN-------
-1,LKCHECTSDkgtCLKPTTCQATARYCLT-TWNskekMLWDDEEGPpglvtRIIKSCAYTCPGVqesLASSRAFCCNTDLCN-------
-1,LKCHECTSDkgtCLKPTTCQATARYCLT-TWNskekMLWDDEEGPpglvtRIIKSCAYTCPGVqesLASSRAFCCNTDLCN-------
-1,LQCYSCleleTTSQCQPIQCPMS-GVCFNSDMTVTLGSGKKvKSQHKGCAPSCEVATkimtqvsqmtspeslsqgvltkfEVQEVTCCEKDLCNG------
-1,LQCYlcggTQTATQCLVMTCGQGHNVCYKGDLISTWqDGKKIKMKLGGCAPSCeevsketgtkaspgPGLGPMDNileglgplapkfevqgVSCCEKDLCNG------
-1,---------------------------VCLSYQEKDGLLVPVGCAPkdSCDDYGPDVSVTCCSTDLCNP------
-1,------------PVTCPADQHMCHTPqdewhPAAYNWCSP----------TPCPPTCTEDEILCgpppgCMGDacmgaeTCAPKSAGCP
-1,LVCL-GGSGPYKDVVCAKDQTICYR---YIVWPIKSRMLIMRGCTSSCPERNNN---LCCSTDRCN-------
-1,---YCAKKSAGCSAKCAAGEHTCHTPASC-PTCDAYNW-----CStAPCPVNCGSTETMChtpppqnCTgdqchgTDYCFPKAQGCP
-1,-------------ETCSKNTSVCFTGRATFTSLPSFTGFNSQGCkddstgcnattNGTLLGAAYQSTIECCSTDRCNP------
-1,LQCHVCssSTNCKQPRTCPASSNYCKTVTTVETLTGNL---VKKDCADSCTSNnsqqgqisSGSLVIQCCQGDLCN-------
-1,-ICHTPATgtdtcvakSAGCPVQCPTGEHMCHT-PAGCPTCDALNW-----CSTmPCPVTCAADEVSCpftmpigctgdaCSgSDTCAKKTAGCP
-1,---------------CPKGFNQCYK-KWNLIGLSVMN--IERGCTANC---TPNAQTKCCNTNLCN-------
-1,LVCNRCSfnlfGVCPSQtkENCTTNTSVCYKSRSLFTDLPNFGGFSIYGCrndnttcdtsiSSTLLGATYTTNTTCCTTDNCNP------
-1,----------QSSVACTTNTSTCYTGKTIFPSLSSFLGFNNQGCkadSTSCNTttqgtlmfVTYNTTFTCCSTNNCNP------
-1,LKCYNCVSQDSNckrfSETCLVGEIFCLKSVV------NNTRMTVKGCASVCPDPSLFDisnqgvpfkaNVFCCTGDNCN-------
-1,IMCldlgytLTCYESFFHTVVCKPQETKCYRYSVPA---SHGNAVTIRGCGTSCP---GGIRPVCCSTDLCN-------
-1,LVCYTNVLEPPgTLETCPDD-------FTCVKKWEGGGRRVTQYCSHACAIPASYEFVHCCQTDKCNG------
-1,------PKYAGCGVTCAEGENVCHSAPWCET-CSGSNW-----CSTNdCPTSCDYTETWCWdpvsFTNFCRPRSE---
-1,-------------VVCEEDETMCYK-FTFVPFRDFE--IVARGCSASCPEEK---DVVCCSTDLCN-------
-1,LMCHTPAPQPCtgdqcmgtdyclpkeqkaqgCPAHCQAGEHVCHnpppsTGSAGSNWCSS----------APCPVTCSYNETMChtpapqpCTgdqchgTDTCLPKAQGCP
-1,LKCRTCsaktnNADCQASTNCPANSTDCKTElyvPVVGGW-----KVIKKQCSSSCTNSTEDfyvfkQKIFCCSTDDCNTNGVGR-
-1,LKCYACPendDSRCLVTTCPPGPAYCFIANMTVIDsDGKKSSAMPKGCIVSCetssqaanskpgsfvegkkPSTFEVKDLKCCDQDLCNGAVQVR-
-1,LMCHTPAPQPCtgdqcmgtdyclpkeqkaqgCPAHCQAGEHVCHnpppsTGSAGSNWCSS----------APCPVTCSYNETMChtpapqpCTgdqchgTDTCLPKAQGCP
-1,------PKSAGCPVTCMAGEHMCHHPPLpDDIYGMAYNW-----CSSTpCPPVCTESETYCpfmpppgCTGDacmgpeTCAPSSTGCP
-1,-------------VTCTEKENLCFTMFSARN----PAQIIERGCASSCSS----RYMKCCSTDSCNG------
-1,--CHQCiaTGNCLQPTSCQNHTRYCLTMW---NSPPGHQTIVIKSCAYTCPTLqesLPFSRASCCNTDLCN-------
-1,LECYSCKDcanNEAEVETCSNGQGYCVRSEMTLLGQT----TVGKGCDFICQEIsSEYLKTACCKTDLCN-------
-1,LRCHVCTSSsnCKQPAVCPASSRFCKTMNTVEPLKGNL---VKKDCAESCtPNYTLQGQVSsgtgsiqCCQEDLCN-------
-1,LRCYHCEKHDtpcmSSLRTCSLPHEQCYKgestlmgQPVYEAGC-----IASDRCNKSTPETVVGLPVtltaSCCTTDLCNGHP----
-1,------------PITCPPGDHVCHMPPSCEGCEGHS------YCSPSaCPVYCGVDEVLChdstTMTD----------
-1,IKCHSCTGRlCITFQNCPDAQAC--SQMWKDSDMLKLN--VVKGCATNCTLPGPGQQILYCTKDYCN-------
-1,-----------TPKRCQGGYNICYK--INFPTPGYELLQI-KGCAARCPTNPRFPKAECCATDNC--------
-1,LKCYDCVGSDCRDEkTCSDSEDACIKNFVG-------GVTISKGCglassASNCADGVTG--VCTCSTDLCN-------
-1,LKCYSCTGETCSyTVDCPSILTVCMTTVAKPVVINSCG--IESACSKE-PINRTGNYIECCKTDYCNG------
-1,LKCYDCGASDCRDEkTCSDGEDACIKNFVG-------GVTINKGCglasqSYNCADGETG--VCTCSTDLCN-------
-1,LKCYDCGASDCRDEkTCSDGEDACIKNFVG-------GVTINKGCglasqSYNCADGETG--VCTCSTDLCN-------
-1,------PKSAGCPVTCMSGEHMCHTPpppmPPMPPDVPPMPPMPGMNwCSPTpCPPTCTEEEIYCpfmpppgCMgdacmgADTCAPKSAGCP
-1,LICYNQlGTKPPTTETC--GDDSCYKMIWT------YDGVIRRGCGCFTPrGDMPRPR--CCKSDKCN-------
-1,-----------CPVNCTDGMHKCYQPPACDG-CMGRNY-----CLWTlCPAICNDDEVQCADADGfniCAPKNEGCP
-1,LKCHECVgiGDCLNPTDCNNQTKYCL-----NTWDTPPGekTWVTKSCAYTCPsadEIYGSSPASCCRTDLCN-------
-1,LQCYHCPASQTPcrsgAYMCTGANNQCLTRVTEAG----EQRIYETGCAA--PEACqmnieypygsekLSIKSSCCSTDLCNGAP----
-1,LQCYSCkelttASQCMTIVNCSAEDTMCKTTMYSLEDGDS---TVTRACSTKCEpsdvdGIGTTRPVTCCFTDLCN-------
-1,LQCYHCPASQTPcrsgAYMCTGANNQCLTRVTEAG----EQRIYETGCAA--PEACqmnieypygsekLSIKSSCCSTDLCNGAP----
-1,LQCYHCPASQTPcrsgAYMCTGANNQCLTRVTEAG----EQRIYETGCAA--PEACqmnieypygsekLSIKSSCCSTDLCNGAP----
-1,LECYSCNMtfsilplKLCRSVMCPEGLDQCYINKTLFPV-----LKIEKGCTTNCTQTWTD---KCCETNKCN-------
-1,LKCYMCigvnDANICKAKTCSSGESFCGKIVM-TPELGSDMKSYIMDCTPSCEdfkklypqSLGFFMDASCCNTDLCNG------
-1,LQCYTCadfrDTSKCPSITCPAEHKVCFKGEVTTTLADGTGnkiRSQYRSCAPSCEAiskvieglqeataiqtkaeglttlNLPKMDIkvlTCCDKNLCNGAGQ---
-1,LRCHVCssSTNCKQPQTCPASSRYCRTMTTVEPLSGNL---VRKECADACmPNHSQQGQVSsgvqstqCCQDDLCN-------
-1,------------------------------------------GCAPkdSCDDYGPDVSVTCCSTDLCNP------
-1,-------KSAGCPVTCLVGEHVCHTPPLCAT-CDGFNY-----CSTlPCPVNCAADEVSCpfmmppgCTGDAC--------
-1,------------PVTCPPGDNVCHVPPPCDT-CDGYSY-----CSPgSCPVYCAMDEVLChdsaTMTD----------
-1,------------PVTCPPGDNVCHVPPPCDT-CDGYSY-----CSPgSCPVYCAMDEVLChdsaTMTD----------
-1,---------------------------------------IERGCG--CPKVKPGVNVKCCXTDXCN-------
-1,-ICYT-HKSLQAKTTKSCEGNTCYKMFIR----TSREYISERGCG--CPTAMWPYQTECCKGDRCN-------
-1,LLCYSC-KAQVSNEDCLQVENCtqlgeqCWTARIRAV---GLLTVISKGCSLNCVDdsqdyYVGKKNITCCDTDLCN-------
-1,-----------CPVSCPAGDNVCITPPLAGcPTCSATRW-----CSSlPCPVTCSATEESCpfmppvgctgaaCQGPNtCAPKATGCP
-1,IMCldlgytLTCYKSLSGTVVCKPHETKCYRYSLPATHGNA---VTIKGCGTSCPS---GIRPVCCSTDLCN-------
-1,--CYNCvefKDRNCntNPSQCASGENFCMASK------STSNYMTAKGCGSSCTagettatmgGVTYPVTMTCCTTDNCN-------
-1,LNCYNCisyeDGNCRSYlATCASGQAFCVKSK------SATNRLTVKGCARTCVAGTqiaslngveYPVTKSCCTTDNCN-------
-1,LQCYTCidmeNGGPCQPLPCPMP-GVCYSSNMTLTkGDGKQLKYQQKGCAPSCDEVSRVMQqlsqmspmdvldpadlqgqpkfesqgLVCCEKDLCNG------
-1,LTCYTChepiTTSECTMiRNCSSNETMCKTTlySREDVYPYLGDSTVTKMCAPRCVpsdVDGIGITrpVTCCNTDLCN-------
-1,-----------CPVVCGADEHKCgADTDW--PWCEPKNR--------TCPKVCGSEEINCwdnaTQTDSCQPMSKGCP
-1,------------PVHCMAGEHMCHTpPPPGDIYGMAYNW-----CSSTpCPPVCTADEILCpfmpppgCTGDacmgpeTCAPKSTGCP
-1,---YTCASHkEGCPVSCRSGEHVCTTPPMCencaaVNYCSGQP----------CPTVCGYDQLLCDSpgkgTDpSCADKETGCP
-1,LKCYSCTGKTCSVkENCPPNSTACLTTV------GENLVIKSCGIDSACskkPINRTGNYVECCKTDYCNG------
-1,-ICHTPATgtdtcvakSAGCPVQCPTGDYMCHT-PAGCPTCDASNW-----CSPmPCPVTCAADEVMC--------------
-1,-QCYQCTTtsagptpgcvtgalSATNQLQCPSGQDHCLTSTTYTTLLGVSTVTTVRACSAaalpstTCLNLGaiGISFTSTCSTDNCN-------
-1,------------PVTCMAGEHMCHTpPPPGDIYGMAYNW-----CSATpCPPVCTADEISC--------------
-1,---YTCfAKSEGCPLNCSNGEHVCHSVPACVG-CVAVNW-----CSATgCPSVCADDEIAC--------------
-1,-------------ETCQEGQDTCY-----NAFNSSSGIPFAKGCAQKCNYLEPYNTICCCTKDNCN-------
-1,LNCYTCTGSSGSGcedEYTPDSSHetACVSGEQCQKYKiSIFGVdSVTRTCSSSCVEQSLVGTTTCCSTDLCNGAG----
-1,--CH--PKSTGCPVECGEGQQVCRDQ-WGMGWCQDKQ--------YNCPVQCGQNETACYAWDNvtqtgtetCHPMSAGCP
-1,LICHQLHGLQ----TCEPAQKFCQK---RTTMFSPNHPVLLMGCTYNCPTERYSV---CCSTDKCN-------
-1,--CH--PKSAGCPVTCAAGENKCHqSGDYPYNWCSIEA----------CPVQCSATEIDCwdwdqttgASTQSCAPRSTGCP
-1,--CHS--KSSGCPVTCAASDNHCTTPPsTADGMGSQW-------CSPTpCPITCAATEIICpftpppdCTDDacsgppSCHSKSSGCP
-1,--CH--PKSSGCPVTCPEDQHICTSPP------STSDGMGSQWCSSdPCPPTCSDTEMLCyvgpppscegaaCMpTASCHPKSSGCP
-1,------------PAKCQSHENVCHTPPTC-PSCHGYNY-----CStAPCPVTCGVNQTKChdpnTGTESCYPLIQGCP
-1,---YTCfAKSDGCPLNCSNGEHVCHSVPACEG-CVAVNW-----CSATgCPSVCADDEIAC--------------
-1,-------------VTCHRDMKFCYH---NTGMPFRNLKLILQGCSSSCSET---ENNKCCSTDRCN-------
-1,-------------------------------------QSISKGCVPVCPQAGINIgiaaaSVKCCSSFLCN-------
-1,-MCNMCVrPYPFMSSCCPEGQDRCYKSYWvnengkQEAYHGKYPVILERGCVTACTGPGsgsIYNLYTCCPTNRC--------
-1,IICFTCEEQisnwkCLDTTICPDGEKRCITLGMVSGTGNDSKVLVTKSCAKKCPSEKDYPEkalssLFCCDCSWCNILP----
-1,------------PVTCSDTDHVCSSPvtnhnPVAYNWCQH----------DPCPVHCTDDQVQChtpapypCDgdncygTDTCHPKSQGCP
-1,-----------CPVSCPAGQNVCTTPPTC-STCSAYKW-----CSPTpCPVTCSATEDSC--------------
-1,-----------CPVTCPAGQNMCTTPPTC-PTCSAYNWCNT-MHSMPCPVTCSATEDSCpfmppvgctgsaCRGPNtCVPKTTGCP
-1,LICHQVHGLQ----TCEPAQKFC---QIRTTMFFPNHPVLLMGCTYNCPTERYSV---CCSTDKCN-------
-1,--CFSCSKptalsLCTDVVNCSATEGWCQTMLLSLqsGYPFIQEKTVQRGCVASCiptdpEAIGESQPILCCNTDLC--------
-1,------PMAQGCPVNCTGGLHKCYMPPACDG-CLGRNY-----CLSTpCPTTCSTEEVSCAKPDGSN-------
-1,-------KSTGCPVTCPAGKHVCTTPPLSGcSYCSAYNWCSSLPCPVTCNTTT---EISC--------------
-1,------------TEECAAGQKICFK-NW--KKMGPKLYDVKRGCTATCPKADDDGCVKCCNTD----------
-1,------------PITCPPREQVCHMPPPCDGCEAHS------YCSPSaCPVYCGVDEVTChdasTMTD----------
-1,---------------------------------------INKECAASCqPNyqdfTVGKQNVSCCSTDLCNHNGAG--
-1,LRCHVCssSTNCKQPQTCPASSQYCKTVTTVDTLTGNL---VKKDCVDSCTSNNSQQGqissgswvTQCCQGDLCN-------
-1,LRCYQCqnYTHTKTceQVTCsyPGGDGIWVSLEGNFTVESDTVRLENKVCLPVCPKKsdlsmtfgglTTNFKITCCKKDLCN-------
-1,------------PVSCPAGQNVCTTPPTC-PTCS-----ATKWCSSlPCPVTCSATETSC--------------
-1,-----------CPVTCPAAQHVCTTPPMSGcSYCSAYNW-----CSSlPCPVRCnTTTEISCPFTppPNCTGAACQ--
-1,---YTCfAKSDGCPVNCSHDEHACHSVPACKG-CVAVNW-----CStSTCPSVCAEDEIACSiygqkkhgkgeggeakhSTFDCRPKKDGCP
-1,-ICYNhLGTKPPTTETC--QEDSCYKNIWT------FDNIIRRGCGCFTPrGDMPGPY--CCESDKCN-------
-1,-ICYSHKT-PQNSATITCEEKTCYKKFVT----NVPGVILARGCG--CPKKEIFRSIHCCRSDKCN-------
-1,------------PLKCSKGEHVCHEqPPMGCDTC-----VAHKLCSMTpCPVHCKSDEIMChdmeTMTDACYPMKHGCP
-1,------------PVTCQAGQNVCRDQ-WGGGWCQEGA----------CPVQCTSTEVECwdwndatqTSTKSCHSKATGCP
-1,LVCFTCEDQtsnwaCLRMTICPKEEKRCITVGTVSGTGNKSNVLITKKCARSCPSERDFPNrtlnsIFCCENAWCN-------
-1,------------PVTCAPGENVCHEAPTCTG-CHGYSW-----CSPSpCPITCG--------------------
-1,------PKSDGCPVTCAPGENKCISpPPTADGVGSQ--WCSATACPPTCSETdmpCPFMPPSDCTGDACSGPP----